row_id,﻿Facility Name,Type,Short Description,Contact Phone,Address,City,Province,Country,Postal Code,Link to Details
Canada-National-34-CAN-RetirementHomes-output-1,Chartwell Country Cottage Retirement Residence,Retirement Home,"Small town, supportive living, newly renovated",587-745-0494,75 Cranford Way,Sherwood Park,AB,Canada,T8H 2B9,http://chartwell.com/Retirement-Homes/Chartwell-Country-Cottage-Retirement-Residence
Canada-National-34-CAN-RetirementHomes-output-2,Chartwell Royal Park Retirement Residence,Retirement Home,"Independent living, personalized support, home-like atmosphere",587-287-3939,4315 Richardson Road SW,Calgary,AB,Canada,T3E 7J7,http://chartwell.com/Retirement-Homes/Chartwell-Royal-Park-Retirement-Residence
Canada-National-34-CAN-RetirementHomes-output-3,Chartwell Eau Claire Care Residence,Retirement Home,Enhanced supportive living with dementia care,587-287-3943,301 7th Street SW,Calgary,AB,Canada,T2P 1Y6,http://chartwell.com/Retirement-Homes/Chartwell-Eau-Claire-Care-Residence
Canada-National-34-CAN-RetirementHomes-output-4,Chartwell Wild Rose Retirement Residence,Retirement Home,"Intimate, close-knit, supportive living environment",587-487-4546,9612 - 172nd Street NW,Edmonton,AB,Canada,T5T 6C7,http://chartwell.com/Retirement-Homes/Chartwell-Wild-Rose-Retirement-Residence
Canada-National-34-CAN-RetirementHomes-output-5,Chartwell Harbours Retirement Residence,Retirement Home,"Independent Supportive Living with home-care services, welcoming",587-287-3941,20 Country Village Cove NE,Calgary,AB,Canada,T3K 5T9,http://chartwell.com/Retirement-Homes/Chartwell-Harbours-Retirement-Residence
Canada-National-34-CAN-RetirementHomes-output-6,Chartwell Fountains of Mission Retirement Residence,Retirement Home,Downtown Calgary retirement residence offering an independent lifestyle,587-287-3945,222 25th Avenue SW,Calgary,AB,Canada,T2S 3E9,http://chartwell.com/Retirement-Homes/Chartwell-Fountains-of-Mission-Retirement-Residence
Canada-National-34-CAN-RetirementHomes-output-7,Chartwell Colonel Belcher Retirement Residence,Retirement Home,"Active Independent living, trusted reputation, fun atmosphere",587-287-3937,1945 Veteran's Way NW,Calgary,AB,Canada,T3B 5Y7,http://chartwell.com/Retirement-Homes/Chartwell-Colonel-Belcher-Retirement-Residence
Canada-National-34-CAN-RetirementHomes-output-8,Chartwell Wescott Retirement Residence,Retirement Home,Chartwell Wescott Coming Soon!,587-487-4032,3841 Allan Drive SW,Edmonton,AB,Canada,T6W 0S7,http://chartwell.com/Retirement-Homes/Chartwell-Wescott-Retirement-Residence
Canada-National-34-CAN-RetirementHomes-output-9,Chartwell Carlton Care Residence,Retirement Home,Newly built offering high levels of care,604-419-3000,4108 Norfolk Street,Burnaby,BC,Canada,V5G 0B4,http://chartwell.com/Retirement-Homes/Chartwell-Carlton-Care-Residence
Canada-National-34-CAN-RetirementHomes-output-10,Chartwell Malaspina Care Residence,Retirement Home,High levels of personal care and assistance,250-754-7711,100 Eleventh Street,Nanaimo,BC,Canada,V9R 6R6,http://chartwell.com/Retirement-Homes/Chartwell-Malaspina-Care-Residence
Canada-National-34-CAN-RetirementHomes-output-11,Chartwell Malaspina Care Residence,Retirement Home,High levels of personal care and assistance,604-888-0228,100 Eleventh Street,Nanaimo,BC,Canada,V9R 6R6,http://chartwell.com/Retirement-Homes/Chartwell-Malaspina-Care-Residence
Canada-National-34-CAN-RetirementHomes-output-12,Chartwell Malaspina Care Residence,Retirement Home,High levels of personal care and assistance,604-888-0228,100 Eleventh Street,Nanaimo,BC,Canada,V9R 6R6,http://chartwell.com/Retirement-Homes/Chartwell-Malaspina-Care-Residence
Canada-National-34-CAN-RetirementHomes-output-13,Chartwell Malaspina Care Residence,Retirement Home,High levels of personal care and assistance,604-888-0228,100 Eleventh Street,Nanaimo,BC,Canada,V9R 6R6,http://chartwell.com/Retirement-Homes/Chartwell-Malaspina-Care-Residence
Canada-National-34-CAN-RetirementHomes-output-14,Chartwell Malaspina Care Residence,Retirement Home,High levels of personal care and assistance,604-888-0228,100 Eleventh Street,Nanaimo,BC,Canada,V9R 6R6,http://chartwell.com/Retirement-Homes/Chartwell-Malaspina-Care-Residence
Canada-National-34-CAN-RetirementHomes-output-15,Chartwell Langley Gardens Retirement Residence,Retirement Home,Independent retirement lifestyle with convenient services in Langley.,604-676-3097,8888 - 202 Street,Langley,BC,Canada,V1M 4A7,http://chartwell.com/Retirement-Homes/Chartwell-Langley-Gardens-Retirement-Residence
Canada-National-34-CAN-RetirementHomes-output-16,Assisted Living at Chartwell Langley Gardens,Retirement Home,"Dedicated assisted living floor with warm, caring ambiance in Langley.",(604) 676-3097,8888 - 202 Street,Langley,BC,Canada,V1M 4A7,http://chartwell.com/Retirement-Homes/Assisted-Living-at-Chartwell-Langley-Gardens
Canada-National-34-CAN-RetirementHomes-output-17,Chartwell Langley Gardens Care Residence,Retirement Home,Supportive 24-hour nursing care and lifestyle programming in Langley.,604-888-0228,8888 - 202 Street,Langley,BC,Canada,V1M 4A7,http://chartwell.com/Retirement-Homes/Chartwell-Langley-Gardens-Care-Residence
Canada-National-34-CAN-RetirementHomes-output-18,Chartwell Crescent Gardens Retirement Residence,Retirement Home,Active and independent lifestyle featuring gorgeous courtyard in South Surrey.,778-736-0345,1222 King George Boulevard,Surrey,BC,Canada,V4A 9W6,http://chartwell.com/Retirement-Homes/Chartwell-Crescent-Gardens-Retirement-Residence
Canada-National-34-CAN-RetirementHomes-output-19,Assisted Living at Chartwell Crescent Gardens,Retirement Home,Dedicated assisted living services available in South Surrey.,778-736-0345,1222 King George Boulevard,Surrey,BC,Canada,V4A 9W6,http://chartwell.com/Retirement-Homes/Assisted-Living-at-Chartwell-Crescent-Gardens
Canada-National-34-CAN-RetirementHomes-output-20,Chartwell Crescent Gardens Care Residence,Retirement Home,A caring and vibrant home with 24-hour nursing support in South Surrey.,604-541-8861,1222 King George Boulevard,Surrey,BC,Canada,V4A 9W6,http://chartwell.com/Retirement-Homes/Chartwell-Crescent-Gardens-Care-Residence
Canada-National-34-CAN-RetirementHomes-output-21,Chartwell Carlton Retirement Residence,Retirement Home,Coming Soon: A new generation retirement home for retirees in Burnaby.,778-300-2388,4110 Norfolk Street,Burnaby,BC,Canada,V5G 1E8,http://chartwell.com/Retirement-Homes/Chartwell-Carlton-Retirement-Residence
Canada-National-34-CAN-RetirementHomes-output-22,Chartwell Birchwood Senior Cottages,Retirement Home,Independent cottages with the option of convenient retirement services.,604-426-0555,45650 Patten Avenue,Chilliwack,BC,Canada,V2P 1S4,http://chartwell.com/Retirement-Homes/Chartwell-Birchwood-Senior-Cottages
Canada-National-34-CAN-RetirementHomes-output-23,Chartwell Chatsworth Senior Bungalows,Retirement Home,Self-contained bungalows paired with convenient retirement living services.,778-721-0348,1831 Parkview Crescent,Kelowna,BC,Canada,V1X 7G7,http://chartwell.com/Retirement-Homes/Chartwell-Chatsworth-Senior-Bungalows
Canada-National-34-CAN-RetirementHomes-output-24,Chartwell Hampton House Retirement Residence,Retirement Home,"Across from hospital, independent supportive living",604-426-0451,45555 Hodgins Avenue,Chilliwack,BC,Canada,V2P 1P3,http://chartwell.com/Retirement-Homes/Chartwell-Hampton-House-Retirement-Residence
Canada-National-34-CAN-RetirementHomes-output-25,Chartwell Kamloops Retirement Residence,Retirement Home,"Assisted living, in-suite home care, certified staff",778-376-2000,628 Tranquille Road,Kamloops,BC,Canada,V2B 3H6,http://chartwell.com/Retirement-Homes/Chartwell-Kamloops-Retirement-Residence
Canada-National-34-CAN-RetirementHomes-output-26,Chartwell Imperial Place Retirement Residence,Retirement Home,"Newly renovated, assistance with daily living",778-735-0540,13853 102nd Avenue,Surrey,BC,Canada,V3T 5P6,http://chartwell.com/Retirement-Homes/Chartwell-Imperial-Place-Retirement-Residence
Canada-National-34-CAN-RetirementHomes-output-27,Chartwell Lynnwood Retirement Residence,Retirement Home,"Independent living, focus on wellness and support",604-426-0453,9168 Corbould Street,Chilliwack,BC,Canada,V2P 8A1,http://chartwell.com/Retirement-Homes/Chartwell-Lynnwood-Retirement-Residence
Canada-National-34-CAN-RetirementHomes-output-28,Chartwell Willow Retirement Community,Retirement Home,"Assisted living, memory care, long term care",604-676-3099,12275 - 224th Street,Maple Ridge,BC,Canada,V2X 6H5,http://chartwell.com/Retirement-Homes/Chartwell-Willow-Retirement-Community
Canada-National-34-CAN-RetirementHomes-output-29,Chartwell Churchill House Retirement Residence,Retirement Home,Wide range of personal support services,778-382-0098,150 West 29th Street,North Vancouver,BC,Canada,V7N 0A1,http://chartwell.com/Retirement-Homes/Chartwell-Churchill-House-Retirement-Residence
Canada-National-34-CAN-RetirementHomes-output-30,Chartwell Ridgepointe Retirement Residence,Retirement Home,Independent and supportive retirement lifestyle set in gorgeous Kamloops location,778-376-2002,1789 Primrose Court,Kamloops,BC,Canada,V1S 0B7,http://chartwell.com/Retirement-Homes/Chartwell-Ridgepointe-Retirement-Residence
Canada-National-34-CAN-RetirementHomes-output-31,Chartwell Renaissance Retirement Residence,Retirement Home,"Independent lifestyle, on-site shuttle, varied activities",778-726-0841,6676 203rd Street,Langley,BC,Canada,V2Y 2Z1,http://chartwell.com/Retirement-Homes/Chartwell-Renaissance-Retirement-Residence
Canada-National-34-CAN-RetirementHomes-output-32,Chartwell Birchwood Retirement Residence,Retirement Home,"Experienced staff, variety of accommodation and supportive living options.",604-426-0455,45650 Patten Avenue,Chilliwack,BC,Canada,V2P 1S4,http://chartwell.com/Retirement-Homes/Chartwell-Birchwood-Retirement-Residence
Canada-National-34-CAN-RetirementHomes-output-33,Chartwell Carrington House Retirement Residence,Retirement Home,"Supportive and assisted living, close-knit community",604-557-5152,32679 - 6th Avenue,Mission,BC,Canada,V2V 1Y8,http://chartwell.com/Retirement-Homes/Chartwell-Carrington-House-Retirement-Residence
Canada-National-34-CAN-RetirementHomes-output-34,Chartwell Carrington Place Retirement Residence,Retirement Home,Offering independent supportive and assisted living lifestyles in beautiful Vernon.,866-237-1512,4651 23rd Street,Vernon,BC,Canada,V1T 4K7,http://chartwell.com/Retirement-Homes/Chartwell-Carrington-Place-Retirement-Residence
Canada-National-34-CAN-RetirementHomes-output-35,Chartwell Cedarbrooke Retirement Residence,Retirement Home,All-inclusive luxury residence with scenic surroundings,604-557-5154,32331 - 7th Avenue,Mission,BC,Canada,V2V 6T7,http://chartwell.com/Retirement-Homes/Chartwell-Cedarbrooke-Retirement-Residence
Canada-National-34-CAN-RetirementHomes-output-36,Chartwell Chatsworth Retirement Residence,Retirement Home,Full-service retirement home offering independent supportive living services.,778-738-0623,1831 Parkview Crescent,Kelowna,BC,Canada,V1X 7G7,http://chartwell.com/Retirement-Homes/Chartwell-Chatsworth-Retirement-Residence
Canada-National-34-CAN-RetirementHomes-output-37,Chartwell Oak Park Terrace Retirement Residence,Retirement Home,"Main-level suites, easy access to amenities",226-526-9690,"1750 E.C. Row, North Service Road",Windsor,ON,Canada,N8W 1Y3,http://chartwell.com/Retirement-Homes/Chartwell-Oak-Park-Terrace-Retirement-Residence
Canada-National-34-CAN-RetirementHomes-output-38,Chartwell Oakville Retirement Residence,Retirement Home,Combining independence and supportive living in a well-appointed residence,289-644-2959,180 Oak Park Boulevard,Oakville,ON,Canada,L6H 0A6,http://chartwell.com/Retirement-Homes/Chartwell-Oakville-Retirement-Residence
Canada-National-34-CAN-RetirementHomes-output-39,Chartwell Centennial Retirement Residence,Retirement Home,Independent lifestyle with additional support as needed,289-634-7773,259 Hillcroft Street,Oshawa,ON,Canada,L1G 8E4,http://chartwell.com/Retirement-Homes/Chartwell-Centennial-Retirement-Residence
Canada-National-34-CAN-RetirementHomes-output-40,Chartwell Oak Park LaSalle Retirement Residence,Retirement Home,"Main-level suites, welcoming community setting",226-526-9692,3955 Thirteenth Street,Lasalle,ON,Canada,N9H 2S7,http://chartwell.com/Retirement-Homes/Chartwell-Oak-Park-LaSalle-Retirement-Residence
Canada-National-34-CAN-RetirementHomes-output-41,Chartwell Chateau Cornwall Retirement Residence,Retirement Home,A bilingual retirement residence with city amenities,613-937-7275,41 Amelia Street,Cornwall,ON,Canada,K6H 7E5,http://chartwell.com/Retirement-Homes/Chartwell-Chateau-Cornwall-Retirement-Residence
Canada-National-34-CAN-RetirementHomes-output-42,Chartwell Chateau Georgian Retirement Residence,Retirement Home,"Enriching, independent supportive living retirement in Timmins",705-269-0285,455 Cedar Street North,Timmins,ON,Canada,P4N 8K4,http://chartwell.com/Retirement-Homes/Chartwell-Chateau-Georgian-Retirement-Residence
Canada-National-34-CAN-RetirementHomes-output-43,Chartwell Brant Centre Long Term Care Residence,Long-Term Care,"Warm sense of community, strong volunteer presence",905-639-2848,1182 Northshore Boulevard East,Burlington,ON,Canada,L7S 1C5,http://chartwell.com/Long-Term-Care-Homes/Chartwell-Brant-Centre-Long-Term-Care-Residence
Canada-National-34-CAN-RetirementHomes-output-44,Chartwell Muskoka Traditions Retirement Residence,Retirement Home,Full-service retirement home in an idyllic Muskoka setting,705-224-0132,16 Legacy Lane,Huntsville,ON,Canada,P1H 0B1,http://chartwell.com/Retirement-Homes/Chartwell-Muskoka-Traditions-Retirement-Residence
Canada-National-34-CAN-RetirementHomes-output-45,Chartwell New Edinburgh Square Retirement Residence,Retirement Home,Urban appeal with customizable care services,343-882-4758,420 MacKay Street,Ottawa,ON,Canada,K1M 2C4,http://chartwell.com/Retirement-Homes/Chartwell-New-Edinburgh-Square-Retirement-Residence
Canada-National-34-CAN-RetirementHomes-output-46,Chartwell Niagara Long Term Care Residence,Long-Term Care,Picturesque views in compassionate and respectful environment,905-468-2111,"120 Wellington Street, Box 985",Niagara-on-the-Lake,ON,Canada,L0S 1J0,http://chartwell.com/Long-Term-Care-Homes/Chartwell-Niagara-Long-Term-Care-Residence
Canada-National-34-CAN-RetirementHomes-output-47,Chartwell Bon Air Long Term Care Residence,Long-Term Care,Continuum of care offers LTC and retirement suites,705-432-2385,131 Laidlaw Street South,Cannington,ON,Canada,L0E 1E0,http://chartwell.com/Long-Term-Care-Homes/Chartwell-Bon-Air-Long-Term-Care-Residence
Canada-National-34-CAN-RetirementHomes-output-48,Chartwell Avondale Retirement Residence,Retirement Home,A welcoming retirement home located in Leslieville,647-547-1812,1238 Queen Street East,Toronto,ON,Canada,M4L 1C3,http://chartwell.com/Retirement-Homes/Chartwell-Avondale-Retirement-Residence
Canada-National-34-CAN-RetirementHomes-output-49,Chartwell Aylmer Long Term Care Residence,Long-Term Care,Resident in a small-town setting,519-773-3423,465 Talbot Street West,Aylmer,ON,Canada,N5H 1K8,http://chartwell.com/Long-Term-Care-Homes/Chartwell-Aylmer-Long-Term-Care-Residence
Canada-National-34-CAN-RetirementHomes-output-50,Chartwell Ballycliffe Long Term Care and Retirement Residence,Long-Term Care,Continuum of care offers LTC and retirement suites,289-608-9888,70 Station Street,Ajax,ON,Canada,L1S 1R9,http://chartwell.com/Long-Term-Care-Homes/Chartwell-Ballycliffe-Long-Term-Care-and-Retirement-Residence
Canada-National-34-CAN-RetirementHomes-output-51,Chartwell Bankside Retirement Residence,Retirement Home,Independence and support paired with quality care,226-336-8940,71 Bankside Drive,Kitchener,ON,Canada,N2N 3L1,http://chartwell.com/Retirement-Homes/Chartwell-Bankside-Retirement-Residence
Canada-National-34-CAN-RetirementHomes-output-52,Chartwell Barclay House Retirement Residence,Retirement Home,Independent lifestyle with additional support available,705-707-0998,600 Chippewa Street West,North Bay,ON,Canada,P1B 9E7,http://chartwell.com/Retirement-Homes/Chartwell-Barclay-House-Retirement-Residence
Canada-National-34-CAN-RetirementHomes-output-53,Chartwell Barrington Retirement Residence,Retirement Home,"Excellent care and active, welcoming lifestyle",705-881-9882,450 Yonge Street ,Barrie,ON,Canada,L4N 4E2,http://chartwell.com/Retirement-Homes/Chartwell-Barrington-Retirement-Residence
Canada-National-34-CAN-RetirementHomes-output-54,Chartwell Barton Retirement Residence,Retirement Home,Modern amenities providing a variety of accommodations,289-366-3688,17290 Leslie Street,Newmarket,ON,Canada,L3Y 3E1,http://chartwell.com/Retirement-Homes/Chartwell-Barton-Retirement-Residence
Canada-National-34-CAN-RetirementHomes-output-55,Chartwell Martha's Landing Retirement Residence,Retirement Home,Combine waterfront ambiance with active retirement living,289-635-3192,2109 Lakeshore Road,Burlington,ON,Canada,L7R 4Z4,http://chartwell.com/Retirement-Homes/Chartwell-Martha's-Landing-Retirement-Residence
Canada-National-34-CAN-RetirementHomes-output-56,Chartwell Bayview Retirement Residence,Retirement Home,Flexibility of care for better peace of mind,613-689-9984,435 Dundas Street West,Belleville,ON,Canada,K8P 1B6,http://chartwell.com/Retirement-Homes/Chartwell-Bayview-Retirement-Residence
Canada-National-34-CAN-RetirementHomes-output-57,Chartwell Belcourt résidence pour retraités,Retirement Home,"Bilingual home, offering independent lifestyle with care options available.",613-688-3385,1344 Belcourt Boulevard,Orleans,ON,Canada,K1C 1L9,http://chartwell.com/Retirement-Homes/Chartwell-Belcourt-résidence-pour-retraités
Canada-National-34-CAN-RetirementHomes-output-58,Chartwell McConnell Retirement Residence,Retirement Home,"Bilingual, welcoming retirement home offering continuum of care services.",613-937-7277,801 4th Street East,Cornwall,ON,Canada,K6H 7M8,http://chartwell.com/Retirement-Homes/Chartwell-McConnell-Retirement-Residence
Canada-National-34-CAN-RetirementHomes-output-59,Chartwell Meadowbrook Retirement Community,Retirement Home,Offering independent apartments or full retirement living,705-836-9998,18 Jacobson Drive,Lively,ON,Canada,P3Y 1P7,http://chartwell.com/Retirement-Homes/Chartwell-Meadowbrook-Retirement-Community
Canada-National-34-CAN-RetirementHomes-output-60,Chartwell Christopher Terrace Retirement Residence,Retirement Home,"Historic Roseland neighbourhood, care and service options",289-635-3194,3131 New Street,Burlington,ON,Canada,L7N 3P8,http://chartwell.com/Retirement-Homes/Chartwell-Christopher-Terrace-Retirement-Residence
Canada-National-34-CAN-RetirementHomes-output-61,Chartwell Rideau Place Retirement Residence,Retirement Home,"Elegant retirement residence, customizable services and care",343-882-4760,550 Wilbrod Street,Ottawa,ON,Canada,K1N 9M3,http://chartwell.com/Retirement-Homes/Chartwell-Rideau-Place-Retirement-Residence
Canada-National-34-CAN-RetirementHomes-output-62,Chartwell Deerview Crossing Retirement Residence,Retirement Home,Newly built residence with secure memory care floor,289-309-7436,460 Rymal Road West,Hamilton,ON,Canada,L9B 0B2,http://chartwell.com/Retirement-Homes/Chartwell-Deerview-Crossing-Retirement-Residence
Canada-National-34-CAN-RetirementHomes-output-63,Chartwell Rouge Valley Retirement Residence,Retirement Home,Flexible lifestyle options to support your needs,289-378-6653,5958 16th Avenue,Markham,ON,Canada,L3P 8N1,http://chartwell.com/Retirement-Homes/Chartwell-Rouge-Valley-Retirement-Residence
Canada-National-34-CAN-RetirementHomes-output-64,Chartwell Royal Marquis Retirement Residence,Retirement Home,Warm and elegant with care options available,226-526-9694,590 Grand Marais Road East,Windsor,ON,Canada,N8X 3H4,http://chartwell.com/Retirement-Homes/Chartwell-Royal-Marquis-Retirement-Residence
Canada-National-34-CAN-RetirementHomes-output-65,Chartwell Royal Oak Long Term Care Residence,Long-Term Care,Varying healthcare needs in a welcoming environment,519-733-9303,1750 Division Road North,Kingsville,ON,Canada,N9Y 4G7,http://chartwell.com/Long-Term-Care-Homes/Chartwell-Royal-Oak-Long-Term-Care-Residence
Canada-National-34-CAN-RetirementHomes-output-66,Chartwell Royal on Gordon Retirement Residence,Retirement Home,"Full-service home, supportive care services and beautiful outdoor space.",226-706-8823,1691 Gordon Street,Guelph,ON,Canada,N1L 1E1,http://chartwell.com/Retirement-Homes/Chartwell-Royal-on-Gordon-Retirement-Residence
Canada-National-34-CAN-RetirementHomes-output-67,Chartwell Royalcliffe Retirement Residence,Retirement Home,"Newly built, affordable luxury independent living",226-667-8063,609 Wharncliffe Road South,London,ON,Canada,N6J 0A4,http://chartwell.com/Retirement-Homes/Chartwell-Royalcliffe-Retirement-Residence
Canada-National-34-CAN-RetirementHomes-output-68,Chartwell Scarlett Heights Retirement Residence,Retirement Home,Personalized approach to individual care needs,647-846-7006,4005 Eglinton Avenue West,Etobicoke,ON,Canada,M9A 5H3,http://chartwell.com/Retirement-Homes/Chartwell-Scarlett-Heights-Retirement-Residence
Canada-National-34-CAN-RetirementHomes-output-69,Chartwell Southwind Retirement Residence,Retirement Home,Independent living for active seniors with support options,705-885-9643,1645 Paris Street,Sudbury,ON,Canada,P3E 6L5,http://chartwell.com/Retirement-Homes/Chartwell-Southwind-Retirement-Residence
Canada-National-34-CAN-RetirementHomes-output-70,Chartwell Park Place Retirement Residence,Retirement Home,Independent and supportive living retirement residence in Aurora.,289-648-4112,15055 Yonge Street,Aurora,ON,Canada,L4G 6T4,http://chartwell.com/Retirement-Homes/Chartwell-Park-Place-Retirement-Residence
Canada-National-34-CAN-RetirementHomes-output-71,Chartwell Parkhill Long Term Care Residence,Long-Term Care,"24-hour nursing support, newly renovated",519-294-6342,250 Tain Street,Parkhill,ON,Canada,N0M 2K0,http://chartwell.com/Long-Term-Care-Homes/Chartwell-Parkhill-Long-Term-Care-Residence
Canada-National-34-CAN-RetirementHomes-output-72,Chartwell Parkway Retirement Residence,Retirement Home,Quaint retirement home in Pickering offering personalized care and support.,289-608-9886,1645 Pickering Parkway,Pickering,ON,Canada,L1V 7E9,http://chartwell.com/Retirement-Homes/Chartwell-Parkway-Retirement-Residence
Canada-National-34-CAN-RetirementHomes-output-73,Chartwell Pembroke Heritage Retirement Residence,Retirement Home,Charming country living with multiple care options.,613-775-5008,1111 Pembroke Street West,Pembroke,ON,Canada,K8A 8P6,http://chartwell.com/Retirement-Homes/Chartwell-Pembroke-Heritage-Retirement-Residence
Canada-National-34-CAN-RetirementHomes-output-74,Chartwell Pickering City Centre Retirement Residence,Retirement Home,Independent retirement living offering customized support,289-631-1943,1801 Valley Farm Road,Pickering,ON,Canada,L1V 0A5,http://chartwell.com/Retirement-Homes/Chartwell-Pickering-City-Centre-Retirement-Residence
Canada-National-34-CAN-RetirementHomes-output-75,Chartwell Pinewood Retirement Residence,Retirement Home,Family like environment with personalized care,613-775-5006,1022 Pembroke Street East,Pembroke,ON,Canada,K8A 8A7,http://chartwell.com/Retirement-Homes/Chartwell-Pinewood-Retirement-Residence
Canada-National-34-CAN-RetirementHomes-output-76,Chartwell Quail Creek Retirement Residence,Retirement Home,Cozy community fostering independence,866-245-1947,450 Albert Street,Renfrew,ON,Canada,K7V 4K4,http://chartwell.com/Retirement-Homes/Chartwell-Quail-Creek-Retirement-Residence
Canada-National-34-CAN-RetirementHomes-output-77,Queen's Garden Long Term Care Residence,Long-Term Care,High levels of personal care and assistance,905-972-8889,80 Queen Street North,Hamilton,ON,Canada,L8R 3P6,http://chartwell.com/Long-Term-Care-Homes/Queen's-Garden-Long-Term-Care-Residence
Canada-National-34-CAN-RetirementHomes-output-78,Chartwell Queen's Square Retirement Residence,Retirement Home,"Supportive living for independent seniors, downtown Galt",226-533-9708,10 Melville Street North,Cambridge,ON,Canada,N1S 1H5,http://chartwell.com/Retirement-Homes/Chartwell-Queen's-Square-Retirement-Residence
Canada-National-34-CAN-RetirementHomes-output-79,Chartwell Riverside Retirement Residence,Retirement Home,Charming retirement community with flexible support options in West London,226-667-8061,201 Riverside Drive,London,ON,Canada,N6H 1E5,http://chartwell.com/Retirement-Homes/Chartwell-Riverside-Retirement-Residence
Canada-National-34-CAN-RetirementHomes-output-80,Chartwell Collegiate Heights Retirement Residence,Retirement Home,All-inclusive services in a beautiful setting,705-256-4678,95 Fauquier Avenue,Sault Ste. Marie,ON,Canada,P6B 0A2,http://chartwell.com/Retirement-Homes/Chartwell-Collegiate-Heights-Retirement-Residence
Canada-National-34-CAN-RetirementHomes-output-81,Chartwell Robert Speck Retirement Residence,Retirement Home,"Independent, active living, discreet assisted care",289-633-2153,100 Robert Speck Parkway,Mississauga,ON,Canada,L4Z 0A1,http://chartwell.com/Retirement-Homes/Chartwell-Robert-Speck-Retirement-Residence
Canada-National-34-CAN-RetirementHomes-output-82,Chartwell Rogers Cove Retirement Residence,Retirement Home,Cottage-like atmosphere offering all-inclusive rates,705-224-0130,4 Coveside Drive,Huntsville,ON,Canada,P1H 2J9,http://chartwell.com/Retirement-Homes/Chartwell-Rogers-Cove-Retirement-Residence
Canada-National-34-CAN-RetirementHomes-output-83,Chartwell Colonial Retirement Residence,Retirement Home,"Quality care, personalized services and welcoming environment",289-638-3530,101 Manning Road,Whitby,ON,Canada,L1N 9M2,http://chartwell.com/Retirement-Homes/Chartwell-Colonial-Retirement-Residence
Canada-National-34-CAN-RetirementHomes-output-84,Chartwell Conservatory Pond Retirement Residence,Retirement Home,Convenience and customizable services with on-site amenities,613-817-9874,1499 Stoneridge Drive,Kingston,ON,Canada,K7M 9H9,http://chartwell.com/Retirement-Homes/Chartwell-Conservatory-Pond-Retirement-Residence
Canada-National-34-CAN-RetirementHomes-output-85,Chartwell Rosedale Retirement Residence,Retirement Home,Excellent care in a quiet conveniently located setting,613-499-9982,1813 County Road 2E RR #1,Brockville,ON,Canada,K6V 5T1,http://chartwell.com/Retirement-Homes/Chartwell-Rosedale-Retirement-Residence
Canada-National-34-CAN-RetirementHomes-output-86,Chartwell Constantia Retirement Residence,Retirement Home,Retirement living in the heart of Thornhill’s Jewish community.,289-588-0973,784 Centre Street,Thornhill,ON,Canada,L4J 9G7,http://chartwell.com/Retirement-Homes/Chartwell-Constantia-Retirement-Residence
Canada-National-34-CAN-RetirementHomes-output-87,Chartwell Willowdale Retirement Residence,Retirement Home,A cozy and caring atmosphere for your loved one,613-706-2181,9 Armstrong Drive,Smiths Falls,ON,Canada,K7A 5H7,http://chartwell.com/Retirement-Homes/Chartwell-Willowdale-Retirement-Residence
Canada-National-34-CAN-RetirementHomes-output-88,Chartwell Willowgrove Long Term Care Residence,Long-Term Care,"High levels of personal care, friendly environment",905-304-6781,1217 Old Mohawk Road,Ancaster,ON,Canada,L9K 1P6,http://chartwell.com/Long-Term-Care-Homes/Chartwell-Willowgrove-Long-Term-Care-Residence
Canada-National-34-CAN-RetirementHomes-output-89,Chartwell Woodhaven Long Term Care Residence,Long-Term Care,High levels of care strong community presence,905-472-3320,380 Church Street,Markham,ON,Canada,L6B 1E1,http://chartwell.com/Long-Term-Care-Homes/Chartwell-Woodhaven-Long-Term-Care-Residence
Canada-National-34-CAN-RetirementHomes-output-90,Chartwell Wynfield Long Term Care Residence,Long-Term Care,Continuum of care campus features LTC and retirement suites,905-571-0065,451 Woodmount Drive,Oshawa,ON,Canada,L1G 8E3,http://chartwell.com/Long-Term-Care-Homes/Chartwell-Wynfield-Long-Term-Care-Residence
Canada-National-34-CAN-RetirementHomes-output-91,Chartwell Wynfield Retirement Residence,Retirement Home,"Independent retirement living, engaging activities and delicious dining.",289-634-7775,431 Woodmount Drive,Oshawa,ON,Canada,L1K 0P7,http://chartwell.com/Retirement-Homes/Chartwell-Wynfield-Retirement-Residence
Canada-National-34-CAN-RetirementHomes-output-92,Regina Gardens Long Term Care Residence,Long-Term Care,"Dedicated staff, modern long term care residence",905-383-2970,536 Upper Paradise Road,Hamilton,ON,Canada,L9C 5E3,http://chartwell.com/Long-Term-Care-Homes/Regina-Gardens-Long-Term-Care-Residence
Canada-National-34-CAN-RetirementHomes-output-93,Chartwell Gibson Long Term Care Residence,Long-Term Care,"Campus of care, dementia unit, adjacent retirement home",416-493-4666,1925 Steeles Avenue East,North York,ON,Canada,M2H 2H3,http://chartwell.com/Long-Term-Care-Homes/Chartwell-Gibson-Long-Term-Care-Residence
Canada-National-34-CAN-RetirementHomes-output-94,Chartwell Gibson Retirement Residence,Retirement Home,Independent living with à la carte services,647-547-1810,1955 Steeles Avenue East,North York,ON,Canada,M2H 3P1,http://chartwell.com/Retirement-Homes/Chartwell-Gibson-Retirement-Residence
Canada-National-34-CAN-RetirementHomes-output-95,Chartwell Glacier Ridge Retirement Residence,Retirement Home,An independent lifestyle and flexible care in Thunder Bay.,807-473-0526,1261 Jasper Drive,Thunder Bay,ON,Canada,P7B 6Z4,http://chartwell.com/Retirement-Homes/Chartwell-Glacier-Ridge-Retirement-Residence
Canada-National-34-CAN-RetirementHomes-output-96,Chartwell Guildwood Retirement Residence,Retirement Home,"For inquiries about this residence, please contact us at",647-846-7004,65 Livingston Road,Scarborough,ON,Canada,M1E 1L1,http://chartwell.com/Retirement-Homes/Chartwell-Guildwood-Retirement-Residence
Canada-National-34-CAN-RetirementHomes-output-97,Chartwell Hartford Retirement Residence,Retirement Home,A comfortable environment providing tailored care,613-937-7273,3 Fifth Street West,Morrisburg,ON,Canada,K0C 1X0,http://chartwell.com/Retirement-Homes/Chartwell-Hartford-Retirement-Residence
Canada-National-34-CAN-RetirementHomes-output-98,Chartwell Heritage résidence pour retraités,Retirement Home,"Franco-Ontarian community, independent to care services",343-882-4764,624 Wilson Street,Ottawa,ON,Canada,K1K 4S5,http://chartwell.com/Retirement-Homes/Chartwell-Heritage-résidence-pour-retraités
Canada-National-34-CAN-RetirementHomes-output-99,Chartwell Heritage Glen Retirement Residence,Retirement Home,Supportive living featuring à la carte wellness services in Meadowvale.,289-652-4205,6515 Glen Erin Drive,Mississauga,ON,Canada,L5N 8P9,http://chartwell.com/Retirement-Homes/Chartwell-Heritage-Glen-Retirement-Residence
Canada-National-34-CAN-RetirementHomes-output-100,Chartwell Elmira Long Term Care Residence,Long-Term Care,Continuum of care features LTC and Retirement Suites,519-669-2921,11 Herbert Street,Elmira,ON,Canada,N3B 2B8,http://chartwell.com/Long-Term-Care-Homes/Chartwell-Elmira-Long-Term-Care-Residence
Canada-National-34-CAN-RetirementHomes-output-101,Chartwell Elmira Retirement Residence,Retirement Home,Customizable services and top quality care,519-669-4111,8 Snyder Avenue North,Elmira,ON,Canada,N3B 2B1,http://chartwell.com/Retirement-Homes/Chartwell-Elmira-Retirement-Residence
Canada-National-34-CAN-RetirementHomes-output-102,Chartwell Empress Kanata Retirement Residence,Retirement Home,Varying level of care in a close-knit community.,613-663-2964,170 McGibbon Drive,Kanata,ON,Canada,K2L 4H5,http://chartwell.com/Retirement-Homes/Chartwell-Empress-Kanata-Retirement-Residence
Canada-National-34-CAN-RetirementHomes-output-103,Chartwell Van Horne Retirement Residence,Retirement Home,Active senior living home in historic downtown Smiths Falls.,613-706-2183,25 Van Horne Avenue,Smiths Falls,ON,Canada,K7A 5L2,http://chartwell.com/Retirement-Homes/Chartwell-Van-Horne-Retirement-Residence
Canada-National-34-CAN-RetirementHomes-output-104,Chartwell Regency Retirement Residence,Retirement Home,Retirement living with a full range of care services,289-643-1995,29 Mississauga Road North,Mississauga,ON,Canada,L5H 2H7,http://chartwell.com/Retirement-Homes/Chartwell-Regency-Retirement-Residence
Canada-National-34-CAN-RetirementHomes-output-105,Chartwell Valley Vista Retirement Residence,Retirement Home,Italian retirement community offering convenient service and personal support.,289-963-9973,600 Valley Vista Drive,Vaughan,ON,Canada,L6A 4H2,http://chartwell.com/Retirement-Homes/Chartwell-Valley-Vista-Retirement-Residence
Canada-National-34-CAN-RetirementHomes-output-106,Chartwell Stonehaven Retirement Residence,Retirement Home,Independent and active retirement living with access to care.,613-663-2968,70 Stonehaven Drive,Kanata,ON,Canada,K2M 3B4,http://chartwell.com/Retirement-Homes/Chartwell-Stonehaven-Retirement-Residence
Canada-National-34-CAN-RetirementHomes-output-107,Chartwell Terrace on the Square Retirement Residence,Retirement Home,An independent lifestyle with support options,226-336-8942,100 Caroline Street South,Waterloo,ON,Canada,N2L 1X5,http://chartwell.com/Retirement-Homes/Chartwell-Terrace-on-the-Square-Retirement-Residence
Canada-National-34-CAN-RetirementHomes-output-108,Chartwell Thunder Bay Retirement Residence,Retirement Home,"Picturesque location, offering independent and supportive living options with care.",807-473-0528,770 Arundel Street,Thunder Bay,ON,Canada,P7A 8C8,http://chartwell.com/Retirement-Homes/Chartwell-Thunder-Bay-Retirement-Residence
Canada-National-34-CAN-RetirementHomes-output-109,Chartwell Tranquility Place Retirement Residence,Retirement Home,From independent apartments to full-service retirement suites ,226-227-9883,436 Powerline Road,Brantford,ON,Canada,N3T 5L8,http://chartwell.com/Retirement-Homes/Chartwell-Tranquility-Place-Retirement-Residence
Canada-National-34-CAN-RetirementHomes-output-110,Chartwell Trilogy Long Term Care Residence,Long-Term Care,Specialized care services delivered in warm atmosphere,416-443-1074,340 McCowan Road,Scarborough,ON,Canada,M1J 3P4,http://chartwell.com/Long-Term-Care-Homes/Chartwell-Trilogy-Long-Term-Care-Residence
Canada-National-34-CAN-RetirementHomes-output-111,Chartwell Waterford Long Term Care Residence,Long-Term Care,Top quality care for varying health needs,905-827-2405,2140 Baronwood Drive,Oakville,ON,Canada,L6M 4V6,http://chartwell.com/Long-Term-Care-Homes/Chartwell-Waterford-Long-Term-Care-Residence
Canada-National-34-CAN-RetirementHomes-output-112,Chartwell Wellington Park Retirement Residence,Retirement Home,Upscale senior living with independent and supportive living options.,226-706-8821,181 Janefield Avenue,Guelph,ON,Canada,N1G 1V2,http://chartwell.com/Retirement-Homes/Chartwell-Wellington-Park-Retirement-Residence
Canada-National-34-CAN-RetirementHomes-output-113,Chartwell Wenleigh Long Term Care Residence,Long-Term Care,Supportive environment offering high levels of care,905-822-4663,2065 Leanne Boulevard,Mississauga,ON,Canada,L5K 2L6,http://chartwell.com/Long-Term-Care-Homes/Chartwell-Wenleigh-Long-Term-Care-Residence
Canada-National-34-CAN-RetirementHomes-output-114,Chartwell Westbury Long Term Care Residence,Long-Term Care,Exceptional and unmatched care,416-622-7094,495 The West Mall,Etobicoke,ON,Canada,M9C 5S3,http://chartwell.com/Long-Term-Care-Homes/Chartwell-Westbury-Long-Term-Care-Residence
Canada-National-34-CAN-RetirementHomes-output-115,Chartwell Westmount Long Term Care Residence,Long-Term Care,Combining 24-hour nursing care with life enrichment programs and activities.,519-570-2115,200 David Bergey Drive,Kitchener,ON,Canada,N2E 3Y4,http://chartwell.com/Long-Term-Care-Homes/Chartwell-Westmount-Long-Term-Care-Residence
Canada-National-34-CAN-RetirementHomes-output-116,Chartwell Westmount on William Retirement Residence,Retirement Home,Independent living with thoughtful one-floor design,705-885-9641,599 William Avenue,Sudbury,ON,Canada,P3A 5W3,http://chartwell.com/Retirement-Homes/Chartwell-Westmount-on-William-Retirement-Residence
Canada-National-34-CAN-RetirementHomes-output-117,Chartwell Westmount Retirement Residence,Retirement Home,Pairing an independent senior living lifestyle with convenient retirement services.,226-336-8944,190 David Bergey Drive,Kitchener,ON,Canada,N2E 0E7,http://chartwell.com/Retirement-Homes/Chartwell-Westmount-Retirement-Residence
Canada-National-34-CAN-RetirementHomes-output-118,Chartwell Whispering Pines Retirement Residence,Retirement Home,A welcoming community for independent seniors,705-881-9884,140 Letitia Street,Barrie,ON,Canada,L4N 1P5,http://chartwell.com/Retirement-Homes/Chartwell-Whispering-Pines-Retirement-Residence
Canada-National-34-CAN-RetirementHomes-output-119,Chartwell White Eagle Long Term Care Residence,Long-Term Care,Positive reputation built on compassion and care,416-533-7935,138 Dowling Avenue,Toronto,ON,Canada,M6K 3A6,http://chartwell.com/Long-Term-Care-Homes/Chartwell-White-Eagle-Long-Term-Care-Residence
Canada-National-34-CAN-RetirementHomes-output-120,Chartwell Lancaster Long Term Care Residence,Long-Term Care,Long-serving team dedicated to quality care,613-347-3016,"105 Military Road North, Hwy 34",Lancaster,ON,Canada,K0C 1N0,http://chartwell.com/Long-Term-Care-Homes/Chartwell-Lancaster-Long-Term-Care-Residence
Canada-National-34-CAN-RetirementHomes-output-121,Chartwell Lansing Retirement Residence,Retirement Home,Close-knit community offering care and support,647-547-1814,10 Senlac Road,Toronto,ON,Canada,M2N 6P8,http://chartwell.com/Retirement-Homes/Chartwell-Lansing-Retirement-Residence
Canada-National-34-CAN-RetirementHomes-output-122,Chartwell Leamington Retirement Residence,Retirement Home,"Offering active, engaging and supportive retirement living in Leamington",519-973-6316,1 Henry Avenue,Leamington,ON,Canada,N8H 5P1,http://chartwell.com/Retirement-Homes/Chartwell-Leamington-Retirement-Residence
Canada-National-34-CAN-RetirementHomes-output-123,Villa Forum Long Term Care Residence,Long-Term Care,Personal safety and support kept top of mind,905-501-1443,175 Forum Drive,Mississauga,ON,Canada,L4Z 4E5,http://chartwell.com/Long-Term-Care-Homes/Villa-Forum-Long-Term-Care-Residence
Canada-National-34-CAN-RetirementHomes-output-124,Chartwell Jackson Creek Retirement Residence,Retirement Home,Wellness services and support to meet individual needs ,705-748-1928,481 Reid Street,Peterborough,ON,Canada,K9H 7R9,http://chartwell.com/Retirement-Homes/Chartwell-Jackson-Creek-Retirement-Residence
Canada-National-34-CAN-RetirementHomes-output-125,Chartwell James Street Retirement Residence,Retirement Home,"Affordable retirement living, range of services",705-640-0193,148 James Street,Bracebridge,ON,Canada,P1L 1S7,http://chartwell.com/Retirement-Homes/Chartwell-James-Street-Retirement-Residence
Canada-National-34-CAN-RetirementHomes-output-126,Chartwell Kingsville Retirement Residence,Retirement Home,Independent lifestyle offering extra care and support,519-973-6314,240 Main Street East,Kingsville,ON,Canada,N9Y 1A6,http://chartwell.com/Retirement-Homes/Chartwell-Kingsville-Retirement-Residence
Canada-National-34-CAN-RetirementHomes-output-127,Chartwell London Long Term Care Residence,Long-Term Care,Strong reputation and compassionate support for families,519-434-2727,2000 Blackwater Road,London,ON,Canada,N5X 4K6,http://chartwell.com/Long-Term-Care-Homes/Chartwell-London-Long-Term-Care-Residence
Canada-National-34-CAN-RetirementHomes-output-128,Chartwell Georgian Traditions Retirement Residence,Retirement Home,"Variety of accommodation choices, peaceful location",705-532-9978,57 Trott Boulevard,Collingwood,ON,Canada,L9Y 0A3,http://chartwell.com/Retirement-Homes/Chartwell-Georgian-Traditions-Retirement-Residence
Canada-National-34-CAN-RetirementHomes-output-129,Chartwell Champlain Long Term Care Residence,Long-Term Care,Consistent and quality personal care,613-675-4617,428 Front Road West,L'Orignal,ON,Canada,K0B 1K0,http://chartwell.com/Long-Term-Care-Homes/Chartwell-Champlain-Long-Term-Care-Residence
Canada-National-34-CAN-RetirementHomes-output-130,Chartwell Alexander Muir Retirement Residence,Retirement Home,Quality care in a desirable location,289-366-3690,197 Prospect Street,Newmarket,ON,Canada,L3Y 3T7,http://chartwell.com/Retirement-Homes/Chartwell-Alexander-Muir-Retirement-Residence
Canada-National-34-CAN-RetirementHomes-output-131,Chartwell Anne Hathaway Retirement Residence,Retirement Home,"Changing care needs, small town setting",226-779-0968,480 Downie Street,Stratford,ON,Canada,N5A 7Y5,http://chartwell.com/Retirement-Homes/Chartwell-Anne-Hathaway-Retirement-Residence
Canada-National-34-CAN-RetirementHomes-output-132,Cawthra Gardens Long Term Care Residence,Long-Term Care,Quality care with an excellent reputation,905-306-9984,590 Lolita Gardens,Mississauga,ON,Canada,L5A 4N8,http://chartwell.com/Long-Term-Care-Homes/Cawthra-Gardens-Long-Term-Care-Residence
Canada-National-34-CAN-RetirementHomes-output-133,Chartwell Aurora Long Term Care Residence,Long-Term Care,Long-serving staff committed to residents’ needs,905-727-1939,32 Mill Street,Aurora,ON,Canada,L4G 2R9,http://chartwell.com/Long-Term-Care-Homes/Chartwell-Aurora-Long-Term-Care-Residence
Canada-National-34-CAN-RetirementHomes-output-134,Chartwell Kanata Retirement Residence,Retirement Home,Variety of services and care in a serene environment,613-663-2966,20 Shirley's Brook Drive,Kanata,ON,Canada,K2K 2W8,http://chartwell.com/Retirement-Homes/Chartwell-Kanata-Retirement-Residence
Canada-National-34-CAN-RetirementHomes-output-135,Chartwell Georgian Retirement Residence,Retirement Home,All-inclusive retirement living with dedicated staff,289-858-2973,255 Governor's Road,Dundas,ON,Canada,L9H 3K4,http://chartwell.com/Retirement-Homes/Chartwell-Georgian-Retirement-Residence
Canada-National-34-CAN-RetirementHomes-output-136,Chartwell Muskoka Traditions Senior Townhomes,Retirement Home,Elegant townhomes in idyllic forest setting for independent seniors.,705-704-9159,16 Legacy Lane,Huntsville,ON,Canada,P1H 0B1,http://chartwell.com/Retirement-Homes/Chartwell-Muskoka-Traditions-Senior-Townhomes
Canada-National-34-CAN-RetirementHomes-output-137,Chartwell Riverside Senior Townhomes,Retirement Home,Independent townhomes with convenient services ideal for active seniors.,226-289-1514,201 Riverside Drive,London,ON,Canada,N6H 1E5,http://chartwell.com/Retirement-Homes/Chartwell-Riverside-Senior-Townhomes
Canada-National-34-CAN-RetirementHomes-output-138,Chartwell Royal on Gordon Senior Townhomes,Retirement Home,Modern townhomes combining independent living with convenient services.,226-706-8401,1691 Gordon Street,Guelph,ON,Canada,N1L 1E1,http://chartwell.com/Retirement-Homes/Chartwell-Royal-on-Gordon-Senior-Townhomes
Canada-National-34-CAN-RetirementHomes-output-139,Chartwell Thunder Bay Senior Townhomes,Retirement Home,Modern townhomes with beautiful natural surroundings and convenient service options.,807-700-1280,770 Arundel Street,Thunder Bay,ON,Canada,P7A 8C8,http://chartwell.com/Retirement-Homes/Chartwell-Thunder-Bay-Senior-Townhomes
Canada-National-34-CAN-RetirementHomes-output-140,Chartwell Grenadier Retirement Residence,Retirement Home,Independent and supportive retirement residence in High Park ,647-429-7979,2100 Bloor Street West,Toronto,ON,Canada,M6S 1M7,http://chartwell.com/Retirement-Homes/Chartwell-Grenadier-Retirement-Residence
Canada-National-34-CAN-RetirementHomes-output-141,Assisted Living at Chartwell Grenadier Retirement Residence,Retirement Home,Assisted living suites with dedicated care services in High Park,647-429-7998,2100 Bloor Street West,Toronto,ON,Canada,M6S 1M7,http://chartwell.com/Retirement-Homes/Assisted-Living-at-Chartwell-Grenadier-Retirement-Residence
Canada-National-34-CAN-RetirementHomes-output-142,Chartwell Stonehaven Senior Apartments,Retirement Home,Independent apartments with full kitchens in desirable Bridlewood community.,616-366-0725,70 Stonehaven Drive,Kanata,ON,Canada,K2M 3B4,http://chartwell.com/Retirement-Homes/Chartwell-Stonehaven-Senior-Apartments
Canada-National-34-CAN-RetirementHomes-output-143,Appartements pour retraités Chartwell Belcourt,Retirement Home,"Bilingual, independent apartments ideal for active seniors.",613-366-0729,1344 Belcourt Boulevard,Orleans,ON,Canada,K1C 1L9,http://chartwell.com/Retirement-Homes/Appartements-pour-retraités-Chartwell-Belcourt
Canada-National-34-CAN-RetirementHomes-output-144,Assisted Living at Chartwell Westmount Retirement Residence,Retirement Home,Peace of mind assisted living with dedicated care and wellness services.,519-804-0562,190 David Bergey Drive,Kitchener,ON,Canada,N2E 0E7,http://chartwell.com/Retirement-Homes/Assisted-Living-at-Chartwell-Westmount-Retirement-Residence
Canada-National-34-CAN-RetirementHomes-output-145,Chartwell Harwood Retirement Residence,Retirement Home,Premier retirement home with worry-free independent and supportive options.,289-608-8363,240 Old Harwood Avenue,Ajax,ON,Canada,L1T 0N2,http://chartwell.com/Retirement-Homes/Chartwell-Harwood-Retirement-Residence
Canada-National-34-CAN-RetirementHomes-output-146,Chartwell Oxford Gardens Retirement Residence,Retirement Home,"Continuum of care, resort-like setting",226-242-0898,423 Devonshire Avenue,Woodstock,ON,Canada,N4S 0B2,http://chartwell.com/Retirement-Homes/Chartwell-Oxford-Gardens-Retirement-Residence
Canada-National-34-CAN-RetirementHomes-output-147,Chartwell Montgomery Village Retirement Residence,Retirement Home,"Modern and luxurious living, newly-built",226-706-8527,155 Riddell Road,Orangeville,ON,Canada,L9W 6R4,http://chartwell.com/Retirement-Homes/Chartwell-Montgomery-Village-Retirement-Residence
Canada-National-34-CAN-RetirementHomes-output-148,Assisted Living at Chartwell Wynfield Retirement Residence,Retirement Home,Assisted living floor with dedicated care services and lifestyle programming.,289-634-7775,431 Woodmount Drive,Oshawa,ON,Canada,L1K 0P7,http://chartwell.com/Retirement-Homes/Assisted-Living-at-Chartwell-Wynfield-Retirement-Residence
Canada-National-34-CAN-RetirementHomes-output-149,Chartwell McConnell Senior Apartments,Retirement Home,"Bilingual, independent apartments with attractive views and community-feel",343-885-8115,801 4th Street East,Cornwall,ON,Canada,K6H 7M8,http://chartwell.com/Retirement-Homes/Chartwell-McConnell-Senior-Apartments
Canada-National-34-CAN-RetirementHomes-output-150,Chartwell Heritage Senior Apartments,Retirement Home,"Franco-Ontarian community, senior apartments combining security and independence.",613-366-0736,624 Wilson Street,Ottawa,ON,Canada,K1K 4S5,http://chartwell.com/Retirement-Homes/Chartwell-Heritage-Senior-Apartments
Canada-National-34-CAN-RetirementHomes-output-151,Chartwell Rockcliffe Retirement Residence,Retirement Home,Enviable island location offering upscale amenities and services,343-883-9901,100 Island Lodge Road,Ottawa,ON,Canada,K1N 0A2,http://chartwell.com/Retirement-Homes/Chartwell-Rockcliffe-Retirement-Residence
Canada-National-34-CAN-RetirementHomes-output-152,Chartwell Hollandview Trail Retirement Residence,Retirement Home,Elegant retirement home offering an independent and convenient seniors’ lifestyle.,289-648-4098,200 John West Way,Aurora,ON,Canada,L4G 0E4,http://chartwell.com/Retirement-Homes/Chartwell-Hollandview-Trail-Retirement-Residence
Canada-National-34-CAN-RetirementHomes-output-153,Chartwell St. Clair Beach Retirement Residence,Retirement Home,Lake St. Clair location providing peace of mind retirement services,226-526-8328,13500 Riverside Drive East,Tecumseh,ON,Canada,N8N 0C3,http://chartwell.com/Retirement-Homes/Chartwell-St.-Clair-Beach-Retirement-Residence
Canada-National-34-CAN-RetirementHomes-output-154,Assisted Living at Chartwell Hollandview Trail Retirement Residence,Retirement Home,"Dedicated assisted living services and amenities in an elegant, warm setting.",289-648-4095,200 John West Way,Aurora,ON,Canada,L4G 0E4,http://chartwell.com/Retirement-Homes/Assisted-Living-at-Chartwell-Hollandview-Trail-Retirement-Residence
Canada-National-34-CAN-RetirementHomes-output-155,Assisted Living at Chartwell Rockcliffe Retirement Residence,Retirement Home,Assisted living with dedicated care and wellness services and upscale amenities.,613-366-0738,100 Island Lodge Road,Ottawa,ON,Canada,K1N 0A2,http://chartwell.com/Retirement-Homes/Assisted-Living-at-Chartwell-Rockcliffe-Retirement-Residence
Canada-National-34-CAN-RetirementHomes-output-156,Chartwell Duke of Devonshire Retirement Residence,Retirement Home,Elegant retirement living in central Ottawa,613-688-1882,1095 Carling Avenue,Ottawa,ON,Canada,K1Y 4P6,http://chartwell.com/Retirement-Homes/Chartwell-Duke-of-Devonshire-Retirement-Residence
Canada-National-34-CAN-RetirementHomes-output-157,Assisted Living at Chartwell Duke of Devonshire,Retirement Home,Combining dedicated care and support services with luxurious retirement living.,613-366-0737,1095 Carling Avenue,Ottawa,ON,Canada,K1Y 4P6,http://chartwell.com/Retirement-Homes/Assisted-Living-at-Chartwell-Duke-of-Devonshire
Canada-National-34-CAN-RetirementHomes-output-158,Memory Care at Chartwell Empress Kanata,Retirement Home,Engaging and supportive environment for seniors living with dementia.,613-366-0726,170 McGibbon Drive,Kanata,ON,Canada,K2L 4H5,http://chartwell.com/Retirement-Homes/Memory-Care-at-Chartwell-Empress-Kanata
Canada-National-34-CAN-RetirementHomes-output-159,Chartwell Wedgewood Retirement Residence,Retirement Home,"Elegant, independent retirement home in downtown Brockville",613-499-9635,15 Market Street East,Brockville,ON,Canada,K6V 0A6,http://chartwell.com/Retirement-Homes/Chartwell-Wedgewood-Retirement-Residence
Canada-National-34-CAN-RetirementHomes-output-160,Assisted Living at Chartwell Wedgewood,Retirement Home,Assisted living suites featuring dedicated support services in downtown Brockville.,613-499-9388,15 Market Street East,Brockville,ON,Canada,K6V 0A6,http://chartwell.com/Retirement-Homes/Assisted-Living-at-Chartwell-Wedgewood
Canada-National-34-CAN-RetirementHomes-output-161,Chartwell Lord Lansdowne Retirement Residence,Retirement Home,Elegant residence featuring high-end service in enviable Ottawa neighbourhood,613-688-1884,920 Bank St,Ottawa,ON,Canada,K1S 1M8,http://chartwell.com/Retirement-Homes/Chartwell-Lord-Lansdowne-Retirement-Residence
Canada-National-34-CAN-RetirementHomes-output-162,Assisted Living at Chartwell Lord Lansdowne Retirement Residence,Retirement Home,Combining luxurious retirement services with personal support and security.,613-366-0739,920 Bank St,Ottawa,ON,Canada,K1S 1M8,http://chartwell.com/Retirement-Homes/Assisted-Living-at-Chartwell-Lord-Lansdowne-Retirement-Residence
Canada-National-34-CAN-RetirementHomes-output-163,The Sumach by Chartwell,Retirement Home,Coming soon: New rental concept apartments for active retirees,416-644-8911,146 Sumach Street,Toronto,ON,Canada,M5A 1X6,http://chartwell.com/Retirement-Homes/The-Sumach-by-Chartwell
Canada-National-34-CAN-RetirementHomes-output-164,Chartwell Waterford Retirement Residence,Retirement Home,"Newly built, modern residence, continuum of care",289-644-2950,2160 Baronwood Drive,Oakville,ON,Canada,L6M 4V6,http://chartwell.com/Retirement-Homes/Chartwell-Waterford-Retirement-Residence
Canada-National-34-CAN-RetirementHomes-output-165,Memory Care at Chartwell Waterford Retirement Residence,Retirement Home,New retirement residence with secure memory care,289-644-2915,2160 Baronwood Drive,Oakville,ON,Canada,L6M 4V6,http://chartwell.com/Retirement-Homes/Memory-Care-at-Chartwell-Waterford-Retirement-Residence
Canada-National-34-CAN-RetirementHomes-output-166,Memory Care at Chartwell Tiffin Retirement Residence,Retirement Home,Supportive environment offering person-centred care and security.,705-540-9422,105 Pillsbury Drive,Midland,ON,Canada,L4R 0E7,http://chartwell.com/Retirement-Homes/Memory-Care-at-Chartwell-Tiffin-Retirement-Residence
Canada-National-34-CAN-RetirementHomes-output-167,Assisted Living at Chartwell Tiffin Retirement Residence,Retirement Home,"Assisted living environment offering secure, dedicated support options.",705-540-9422,105 Pillsbury Drive,Midland,ON,Canada,L4R 0E7,http://chartwell.com/Retirement-Homes/Assisted-Living-at-Chartwell-Tiffin-Retirement-Residence
Canada-National-34-CAN-RetirementHomes-output-168,Chartwell Tiffin Retirement Residence,Retirement Home,"Upscale, independent living retirement home overlooking Tiffin Basin",705-540-9422,105 Pillsbury Drive,Midland,ON,Canada,L4R 0E7,http://chartwell.com/Retirement-Homes/Chartwell-Tiffin-Retirement-Residence
Canada-National-34-CAN-RetirementHomes-output-169,Chartwell Bankside Senior Apartments,Retirement Home,Opening soon: Independent seniors’ apartments in Kitchener,519-804-0561,71B Bankside Drive,Kitchener,ON,Canada,N2N 3L1,http://chartwell.com/Retirement-Homes/Chartwell-Bankside-Senior-Apartments
Canada-National-34-CAN-RetirementHomes-output-170,Chartwell Hilldale Retirement Residence,Retirement Home,Active independent supportive living retirement lifestyle in Thunder Bay,807-700-5773,309 Hilldale Road,Thunder Bay,ON,Canada,P7G 0A2,http://chartwell.com/Retirement-Homes/Chartwell-Hilldale-Retirement-Residence
Canada-National-34-CAN-RetirementHomes-output-171,Chartwell Heritage Glen Senior Apartments,Retirement Home,Affordable retirement living in Mississauga’s Meadowvale community.,289-652-3491,6515 Glen Erin Drive,Mississauga,ON,Canada,L5N 8P9,http://chartwell.com/Retirement-Homes/Chartwell-Heritage-Glen-Senior-Apartments
Canada-National-34-CAN-RetirementHomes-output-172,Chartwell Pine Grove Retirement Residence,Retirement Home,"Italian, boutique-style retirement home featuring traditional meals and programs.",905-850-3605,8403 Islington Avenue North,Woodbridge,ON,Canada,L4L 1X3,http://chartwell.com/Retirement-Homes/Chartwell-Pine-Grove-Retirement-Residence
Canada-National-34-CAN-RetirementHomes-output-173,Chartwell Pine Grove Long Term Care Residence,Long-Term Care,Italian long term care residence with cultural dining and activities in Woodbridge.,905-850-3605,2018 Robertson Road,Woodbridge,ON,Canada,K2H 1C6,http://chartwell.com/Long-Term-Care-Homes/Chartwell-Pine-Grove-Long-Term-Care-Residence
Canada-National-34-CAN-RetirementHomes-output-174,Independent Living at Chartwell Stillwater Creek,Retirement Home,Independent living paired with convenient service in Bells Corners,613-366-6161,2018 Robertson Road,Nepean,ON,Canada,K2H 1C6,http://chartwell.com/Retirement-Homes/Independent-Living-at-Chartwell-Stillwater-Creek
Canada-National-34-CAN-RetirementHomes-output-175,Chartwell Stillwater Creek Retirement Residence,Retirement Home,Convenient service and optional personal support in Bells Corners,613-366-6161,2018 Robertson Road,Nepean,ON,Canada,K2H 1C6,http://chartwell.com/Retirement-Homes/Chartwell-Stillwater-Creek-Retirement-Residence
Canada-National-34-CAN-RetirementHomes-output-176,Assisted Living at Chartwell Stillwater Creek,Retirement Home,Assisted living retirement home providing comfort and peace of mind,613-366-6090,2018 Robertson Road,Nepean,ON,Canada,K2H 1C6,http://chartwell.com/Retirement-Homes/Assisted-Living-at-Chartwell-Stillwater-Creek
Canada-National-34-CAN-RetirementHomes-output-177,Chartwell Riverpark Retirement Residence,Retirement Home,"Active, independent supportive living lifestyle in beautiful Nepean location.",(613) 366-6187,1 Corkstown Road,Nepean,ON,Canada,K2H 1B6,http://chartwell.com/Retirement-Homes/Chartwell-Riverpark-Retirement-Residence
Canada-National-34-CAN-RetirementHomes-output-178,Assisted Living at Chartwell Riverpark,Retirement Home,Dedicated assisted living accommodations in Nepean with stunning views.,(613) 366-6091,1 Corkstown Road,Nepean,ON,Canada,K2H 1B6,http://chartwell.com/Retirement-Homes/Assisted-Living-at-Chartwell-Riverpark
Canada-National-34-CAN-RetirementHomes-output-179,Chartwell Lakeshore Retirement Residence,Retirement Home,Lakefront independent supportive living residence in Burlington.,(289) 635-3172,5314 Lakeshore Road,Burlington,ON,Canada,L7L 6L8,http://chartwell.com/Retirement-Homes/Chartwell-Lakeshore-Retirement-Residence
Canada-National-34-CAN-RetirementHomes-output-180,Assisted Living at Chartwell Lakeshore,Retirement Home,Dedicated assisted living accommodation in Burlington on Lake Ontario.,(289) 635-3168,5314 Lakeshore Road,Burlington,ON,Canada,L7L 6L8,http://chartwell.com/Retirement-Homes/Assisted-Living-at-Chartwell-Lakeshore
Canada-National-34-CAN-RetirementHomes-output-181,Chartwell Orchards Retirement Residence,Retirement Home,Premier retirement living in the heart of Vineland.,289-438-2542,3421 Frederick Avenue,Vineland,ON,Canada,L0R 2C0,http://chartwell.com/Retirement-Homes/Chartwell-Orchards-Retirement-Residence
Canada-National-34-CAN-RetirementHomes-output-182,Assisted Living at Chartwell Orchards Retirement Residence,Retirement Home,Assisted living in a premier retirement residence in Vineland.,289-438-2545,3421 Frederick Avenue,Vineland,ON,Canada,L0R 2C0,http://chartwell.com/Retirement-Homes/Assisted-Living-at-Chartwell-Orchards-Retirement-Residence
Canada-National-34-CAN-RetirementHomes-output-183,Memory Care at Chartwell Orchards Retirement Residence,Retirement Home,Memory care home in Vineland for seniors living with dementia.,289-438-2544,3421 Frederick Avenue,Vineland,ON,Canada,L0R 2C0,http://chartwell.com/Retirement-Homes/Memory-Care-at-Chartwell-Orchards-Retirement-Residence
Canada-National-34-CAN-RetirementHomes-output-184,Chartwell Isabella Retirement Residence,Retirement Home,Enjoy your retirement years in comfort,807-333-0381,1350 Isabella Street East,Thunder Bay,ON,Canada,P7E 0A5,http://chartwell.com/Retirement-Homes/Chartwell-Isabella-Retirement-Residence
Canada-National-34-CAN-RetirementHomes-output-185,Chartwell Tranquility Place Apartments,Retirement Home,Independent apartment living ideal for seniors looking to maintain their active lifestyle,226-227-9610,436 Powerline Road,Brantford,ON,Canada,N3T 5L8,http://chartwell.com/Retirement-Homes/Chartwell-Tranquility-Place-Apartments
Canada-National-34-CAN-RetirementHomes-output-186,Memory Care at Chartwell Deerview Crossing,Retirement Home,Newly built residence with secure memory care floor,289-309-6498,460 Rymal Road West,Hamilton,ON,Canada,L9B 0B2,http://chartwell.com/Retirement-Homes/Memory-Care-at-Chartwell-Deerview-Crossing
Canada-National-34-CAN-RetirementHomes-output-187,Memory Care at Chartwell Georgian Traditions,Retirement Home,"Peaceful location, offering new retirement suites and secure memory care.",705-532-9975,57 Trott Boulevard,Collingwood,ON,Canada,L9Y 0A3,http://chartwell.com/Retirement-Homes/Memory-Care-at-Chartwell-Georgian-Traditions
Canada-National-34-CAN-RetirementHomes-output-188,Chartwell Le Yamaska appartements,Retirement Home,"For seniors 55+, security in the heart of Saint-Hyacinthe",450-768-6704,1480 Delorme Street,Saint-Hyacinthe,QC,Canada,J2S 5C8,http://chartwell.com/Retirement-Homes/Chartwell-Le-Yamaska-appartements
Canada-National-34-CAN-RetirementHomes-output-189,Chartwell Greenfield Park Retirement Residence,Retirement Home,Coming soon: A new retirement residence in Greenfield Park,855-461-0685,2999 Boulevard Taschereau,Greenfield Park,QC,Canada,J4V 2H2,http://chartwell.com/Retirement-Homes/Chartwell-Greenfield-Park-Retirement-Residence
Canada-National-34-CAN-RetirementHomes-output-190,Chartwell Villa Jonquière résidence de soins,Retirement Home,Assisted living support and services in Jonquière,(581) 684-8472,3978 Harvey Boulevard,Saguenay,QC,Canada,G8A 2J9,http://chartwell.com/Retirement-Homes/Chartwell-Villa-Jonquière-résidence-de-soins
Canada-National-34-CAN-RetirementHomes-output-191,Chartwell Oasis Saint-Jean résidence de soins,Retirement Home,"Assisted living support and services delivered by caring, trained staff.",(514) 940-3530,1050 Stéfoni Road,Saint-Jean-sur-Richelieu,QC,Canada,J3A 1T5,http://chartwell.com/Retirement-Homes/Chartwell-Oasis-Saint-Jean-résidence-de-soins
Canada-National-34-CAN-RetirementHomes-output-192,Chartwell Ste-Marthe résidence de soins,Retirement Home,Personalized assisted living support in Ste-Marthe. ,(450) 768-6702,675 Saint-Pierre Street West,Saint-Hyacinthe,QC,Canada,J2T 1N7,http://chartwell.com/Retirement-Homes/Chartwell-Ste-Marthe-résidence-de-soins
Canada-National-34-CAN-RetirementHomes-output-193,Chartwell Monastère d'Aylmer résidence de soins,Retirement Home,"Assisted living support in a unique, historical retirement community.",(613) 688-3383,161 Principale Street,Gatineau,QC,Canada,J9H 7H4,http://chartwell.com/Retirement-Homes/Chartwell-Monastère-d'Aylmer-résidence-de-soins
Canada-National-34-CAN-RetirementHomes-output-194,Chartwell Manoir et Cours de l'Atrium résidence de soins,Retirement Home,Assisted living residence steps away from Old Quebec City.,(581) 781-8696,545 Francis-Byrne Street,Quebec,QC,Canada,G1H 7L3,http://chartwell.com/Retirement-Homes/Chartwell-Manoir-et-Cours-de-l'Atrium-résidence-de-soins
Canada-National-34-CAN-RetirementHomes-output-195,Chartwell Villa Saguenay résidence de soins,Retirement Home,"Assisted living community in Chicoutimi with a caring, warm atmosphere. ",(418) 579-1256,1901 Des Roitelets Street,Saguenay,QC,Canada,G7H 7L7,http://chartwell.com/Retirement-Homes/Chartwell-Villa-Saguenay-résidence-de-soins
Canada-National-34-CAN-RetirementHomes-output-196,Chartwell Manoir Archer résidence de soins,Retirement Home,Assisted living support options available in Sainte-Foy.,(581) 781-8698,1217 De l'Église Road,Quebec,QC,Canada,G1W 3P2,http://chartwell.com/Retirement-Homes/Chartwell-Manoir-Archer-résidence-de-soins
Canada-National-34-CAN-RetirementHomes-output-197,Assisted Living at Chartwell Le Teasdale,Retirement Home,"Personalized support combined with modern, accessible amenities in Terrebonne",450-914-2181,950 Lucille-Teasdale Blvd.,Terrebonne,QC,Canada,J6V 0A7,http://chartwell.com/Retirement-Homes/Assisted-Living-at-Chartwell-Le-Teasdale
Canada-National-34-CAN-RetirementHomes-output-198,Chartwell Les Monarques résidence de soins,Retirement Home,Assisted living residence in Saint-Eustache offering enhanced personal support,579-379-8905,495 Bibeau Street,Saint-Eustache,QC,Canada,J7R 0B9,http://chartwell.com/Retirement-Homes/Chartwell-Les-Monarques-résidence-de-soins
Canada-National-34-CAN-RetirementHomes-output-199,Memory Care at Chartwell Les Monarques,Retirement Home,Dedicated memory care featuring caring staff and personalized support,579-379-8905,495 Bibeau Street,Saint-Eustache,QC,Canada,J7R 0B9,http://chartwell.com/Retirement-Homes/Memory-Care-at-Chartwell-Les-Monarques
Canada-National-34-CAN-RetirementHomes-output-200,Chartwell Le St-Gabriel résidence pour retraités,Retirement Home,Coming Soon: A new generation retirement home for retirees in Saint-Hubert,579-880-8910,"5885, chemin de Chambly",Longueuil,QC,Canada,J3Y 3R4,http://chartwell.com/Retirement-Homes/Chartwell-Le-St-Gabriel-résidence-pour-retraités
Canada-National-34-CAN-RetirementHomes-output-201,Chartwell L'Unique résidence pour retraités phase III,Retirement Home,163 new apartments and services in a vibrant community,579-379-8903,435 Bibeau Street,Saint-Eustache,QC,Canada,J7R 0C7,http://chartwell.com/Retirement-Homes/Chartwell-L'Unique-résidence-pour-retraités-phase-III
Canada-National-34-CAN-RetirementHomes-output-202,Chartwell Le Prescott résidence pour retraités,Retirement Home,"Enjoy modern, independent retirement living in a vibrant community",438-338-9853,"1335, rue Émile-Bouchard",Vaudreuil-Dorion,QC,Canada,J7V 0Y2,http://chartwell.com/Retirement-Homes/Chartwell-Le-Prescott-résidence-pour-retraités
Canada-National-34-CAN-RetirementHomes-output-203,Chartwell Le Montcalm résidence pour retraités,Retirement Home,"Active, modern retirement living amidst natural surroundings",579-886-8891,"95, Montcalm Nord",Candiac,QC,Canada,J5R 0R8,http://chartwell.com/Retirement-Homes/Chartwell-Le-Montcalm-résidence-pour-retraités
Canada-National-34-CAN-RetirementHomes-output-204,Chartwell Belvédères de Lachine résidence pour retraités,Retirement Home,"Elegant, affordable and accessible retirement living",438-819-8466,3000 Notre-Dame Street,Montreal,QC,Canada,H8S 2H1,http://chartwell.com/Retirement-Homes/Chartwell-Belvédères-de-Lachine-résidence-pour-retraités
Canada-National-34-CAN-RetirementHomes-output-205,Chartwell Le Wellesley résidence pour retraités,Retirement Home,Active retirement in a sophisticated environment ,438-538-8473,230 Hymus Boulevard,Pointe-Claire,QC,Canada,H9R 5P5,http://chartwell.com/Retirement-Homes/Chartwell-Le-Wellesley-résidence-pour-retraités
Canada-National-34-CAN-RetirementHomes-output-206,Chartwell Villa de l'Estrie résidence pour retraités,Retirement Home,"Warm, engaging residence in Sherbrooke with additional care options",819-416-1714,3320 Des Chênes Street,Sherbrooke,QC,Canada,J1L 0A6,http://chartwell.com/Retirement-Homes/Chartwell-Villa-de-l'Estrie-résidence-pour-retraités
Canada-National-34-CAN-RetirementHomes-output-207,Chartwell Seigneuries du Carrefour résidence pour retraités,Retirement Home,"Welcoming, modern Sherbrooke retirement home in parkland setting",819-416-1712,445 Des Érables Street,Sherbrooke,QC,Canada,J1L 0C2,http://chartwell.com/Retirement-Homes/Chartwell-Seigneuries-du-Carrefour-résidence-pour-retraités
Canada-National-34-CAN-RetirementHomes-output-208,Chartwell Résidence Principale résidence pour retraités,Retirement Home,Urban life and nature for active seniors,450-306-6094,339 Principale Street,Cowansville,QC,Canada,J2K 1J4,http://chartwell.com/Retirement-Homes/Chartwell-Résidence-Principale-résidence-pour-retraités
Canada-National-34-CAN-RetirementHomes-output-209,Chartwell Appartements de Bordeaux résidence pour retraités,Retirement Home,Independent retirement with peace of mind,581-781-8692,2142 Saint-Louis Road,Quebec,QC,Canada,G1T 1P7,http://chartwell.com/Retirement-Homes/Chartwell-Appartements-de-Bordeaux-résidence-pour-retraités
Canada-National-34-CAN-RetirementHomes-output-210,Chartwell Cite Jardin résidence de soins,Retirement Home,"Ongoing support, additional care and community",819-282-8449,60 De la Futaie Street,Gatineau,QC,Canada,J8T 8P5,http://chartwell.com/Retirement-Homes/Chartwell-Cite-Jardin-résidence-de-soins
Canada-National-34-CAN-RetirementHomes-output-211,Chartwell Jardins Notre-Dame résidence pour retraités,Retirement Home,"Independent living, modern and friendly atmosphere",819-815-9988,195 Saint-Joseph Boulevard,Gatineau,QC,Canada,J8Y 0A3,http://chartwell.com/Retirement-Homes/Chartwell-Jardins-Notre-Dame-résidence-pour-retraités
Canada-National-34-CAN-RetirementHomes-output-212,Chartwell L'Unique résidence pour retraités,Retirement Home,"Independent retirement living, modern environment",579-379-8903,435 Bibeau Street,Saint-Eustache,QC,Canada,J7R 0C7,http://chartwell.com/Retirement-Homes/Chartwell-L'Unique-résidence-pour-retraités
Canada-National-34-CAN-RetirementHomes-output-213,Chartwell Le Teasdale résidence pour retraités,Retirement Home,"Modern accommodation, flexible care options and a vibrant community",450-914-2181,950 Lucille-Teasdale Blvd,Terrebonne,QC,Canada,J6V 0G5,http://chartwell.com/Retirement-Homes/Chartwell-Le-Teasdale-résidence-pour-retraités
Canada-National-34-CAN-RetirementHomes-output-214,Chartwell L'Ermitage résidence pour retraités,Retirement Home,Dynamic environment with nearby services,819-870-2278,540 Berol Street,Drummondville,QC,Canada,J2B 8H4,http://chartwell.com/Retirement-Homes/Chartwell-L'Ermitage-résidence-pour-retraités
Canada-National-34-CAN-RetirementHomes-output-215,Chartwell Villa Rive-Sud résidence pour retraités,Retirement Home,"Spacious residence, perfect for active seniors",450-876-1424,3460 De Chambly Road,Longueuil,QC,Canada,J4L 4S1,http://chartwell.com/Retirement-Homes/Chartwell-Villa-Rive-Sud-résidence-pour-retraités
Canada-National-34-CAN-RetirementHomes-output-216,Chartwell Villa Saguenay résidence pour retraités,Retirement Home,Active retirement living with a care unit,418-579-1256,1901 Des Roitelets Street,Saguenay,QC,Canada,G7H 7L7,http://chartwell.com/Retirement-Homes/Chartwell-Villa-Saguenay-résidence-pour-retraités
Canada-National-34-CAN-RetirementHomes-output-217,Chartwell Jardins de la Gare résidence pour retraités,Retirement Home,Distinct progressive complex with safety and security,450-768-6704,2025 Moreau Street,Saint-Hyacinthe,QC,Canada,J2S 5C8,http://chartwell.com/Retirement-Homes/Chartwell-Jardins-de-la-Gare-résidence-pour-retraités
Canada-National-34-CAN-RetirementHomes-output-218,Chartwell Jardins Laviolette résidence pour retraités,Retirement Home,Active retirement in a historical building,819-415-0763,2975 Laviolette Boulevard,Trois-Rivières,QC,Canada,G8Z 1E8,http://chartwell.com/Retirement-Homes/Chartwell-Jardins-Laviolette-résidence-pour-retraités
Canada-National-34-CAN-RetirementHomes-output-219,Chartwell Les écores résidence pour retraités,Retirement Home,Independent retirement nestled beside the river,450-903-0295,1800 Cartier Boulevard East,Laval,QC,Canada,H7G 4R6,http://chartwell.com/Retirement-Homes/Chartwell-Les-écores-résidence-pour-retraités
Canada-National-34-CAN-RetirementHomes-output-220,Chartwell Le Duplessis résidence pour retraités,Retirement Home,Dynamic atmosphere located next to the river,819-415-0761,20 Duplessis Road,Trois-Rivières,QC,Canada,G8T 9P2,http://chartwell.com/Retirement-Homes/Chartwell-Le-Duplessis-résidence-pour-retraités
Canada-National-34-CAN-RetirementHomes-output-221,Chartwell Manoir Archer résidence pour retraités,Retirement Home,Continuum of care home featuring friendly staff and service in Sainte-Foy,581-781-8698,1217 De l'Église Road,Quebec,QC,Canada,G1W 3P2,http://chartwell.com/Retirement-Homes/Chartwell-Manoir-Archer-résidence-pour-retraités
Canada-National-34-CAN-RetirementHomes-output-222,Chartwell Manoir et Cours de l'Atrium résidence pour retraités,Retirement Home,Independent and active community steps away from Old Quebec City.,581-781-8696,545 Francis-Byrne Street,Quebec,QC,Canada,G1H 7L3,http://chartwell.com/Retirement-Homes/Chartwell-Manoir-et-Cours-de-l'Atrium-résidence-pour-retraités
Canada-National-34-CAN-RetirementHomes-output-223,Chartwell Manoir Pointe-aux-Trembles résidence pour retraités,Retirement Home,Family atmosphere with autonomy,438-228-9298,3478 32nd Avenue,Montreal,QC,Canada,H1A 3M1,http://chartwell.com/Retirement-Homes/Chartwell-Manoir-Pointe-aux-Trembles-résidence-pour-retraités
Canada-National-34-CAN-RetirementHomes-output-224,Chartwell Manoir Kirkland résidence pour retraités,Retirement Home,Combining a friendly environment with active urban living,438-538-8471,2 Canvin Road,Kirkland,QC,Canada,H9H 4B5,http://chartwell.com/Retirement-Homes/Chartwell-Manoir-Kirkland-résidence-pour-retraités
Canada-National-34-CAN-RetirementHomes-output-225,Chartwell Domaine des Trembles résidence pour retraités,Retirement Home,Distinctive and active retirement living amongst nature,819-282-8453,250 Saint-Raymond Boulevard,Gatineau,QC,Canada,J9A 0B1,http://chartwell.com/Retirement-Homes/Chartwell-Domaine-des-Trembles-résidence-pour-retraités
Canada-National-34-CAN-RetirementHomes-output-226,Chartwell Domaine Harmonie résidence pour retraités,Retirement Home,Luxurious retirement in a welcoming atmosphere,450-868-0930,1024 Charcot Road,Boucherville,QC,Canada,J4B 8R5,http://chartwell.com/Retirement-Homes/Chartwell-Domaine-Harmonie-résidence-pour-retraités
Canada-National-34-CAN-RetirementHomes-output-227,Chartwell Villa Chicoutimi résidence pour retraités,Retirement Home,"Combining services, active living and scenic landscaping",418-579-1254,220 Don Bosco Street,Saguenay,QC,Canada,G7N 7P6,http://chartwell.com/Retirement-Homes/Chartwell-Villa-Chicoutimi-résidence-pour-retraités
Canada-National-34-CAN-RetirementHomes-output-228,Chartwell Faubourg Giffard résidence pour retraités,Retirement Home,"Modern features, active living under one roof",581-781-8694,2321 De la Canardière,Quebec,QC,Canada,G1J 0A3,http://chartwell.com/Retirement-Homes/Chartwell-Faubourg-Giffard-résidence-pour-retraités
Canada-National-34-CAN-RetirementHomes-output-229,Chartwell Villa Jonquière résidence pour retraités,Retirement Home,Active and independent retirement living in Jonquière ,581-684-8472,3978 Harvey Boulevard,Saguenay,QC,Canada,G8A 2J9,http://chartwell.com/Retirement-Homes/Chartwell-Villa-Jonquière-résidence-pour-retraités
Canada-National-34-CAN-RetirementHomes-output-230,Chartwell Villa Jonquière résidence pour retraités,Retirement Home,Active and independent retirement living in Jonquière ,581-684-8472,3978 Harvey Boulevard,Saguenay,QC,Canada,G8A 2J9,http://chartwell.com/Retirement-Homes/Chartwell-Villa-Jonquière-résidence-pour-retraités
Canada-National-34-CAN-RetirementHomes-output-231,Chartwell Villa Jonquière résidence pour retraités,Retirement Home,Active and independent retirement living in Jonquière ,581-684-8472,3978 Harvey Boulevard,Saguenay,QC,Canada,G8A 2J9,http://chartwell.com/Retirement-Homes/Chartwell-Villa-Jonquière-résidence-pour-retraités
Canada-National-34-CAN-RetirementHomes-output-232,Chartwell Résidence St-Pierre résidence pour retraités,Retirement Home,Warm atmosphere and exceptional living environment,866-245-1652,175 Notre-Dame Street,Rouyn-Noranda,QC,Canada,J9X 3A2,http://chartwell.com/Retirement-Homes/Chartwell-Résidence-St-Pierre-résidence-pour-retraités
Canada-National-34-CAN-RetirementHomes-output-233,Chartwell Ste-Geneviève résidence pour retraités,Retirement Home,Warm and friendly atmosphere for active retirees,418-210-2063,4855 Sainte-Geneviève Road,Quebec,QC,Canada,G2B 4W3,http://chartwell.com/Retirement-Homes/Chartwell-Ste-Geneviève-résidence-pour-retraités
Canada-National-34-CAN-RetirementHomes-output-234,Chartwell Ste-Marthe résidence pour retraités,Retirement Home,Welcoming residence in a picturesque environment,450-768-6702,675 Saint-Pierre Street West,Saint-Hyacinthe,QC,Canada,J2T 1N7,http://chartwell.com/Retirement-Homes/Chartwell-Ste-Marthe-résidence-pour-retraités
Canada-National-34-CAN-RetirementHomes-output-235,Chartwell Cite Jardin résidence pour retraités,Retirement Home,Complex for independent seniors with dedicated staff,819-282-8449,60 De la Futaie Street,Gatineau,QC,Canada,J8T 8P5,http://chartwell.com/Retirement-Homes/Chartwell-Cite-Jardin-résidence-pour-retraités
Canada-National-34-CAN-RetirementHomes-output-236,Chartwell Domaine Cascade résidence pour retraités,Retirement Home,"Active retirement with amenities, surrounded by nature",819-805-0278,695 7th Street de la Pointe,Shawinigan,QC,Canada,G9N 8K2,http://chartwell.com/Retirement-Homes/Chartwell-Domaine-Cascade-résidence-pour-retraités
Canada-National-34-CAN-RetirementHomes-output-237,Chartwell Domaine de Bordeaux résidence pour retraités,Retirement Home, Elegant retirement community in Quebec City’s Sillery district,581-781-8690,2140 Saint-Louis Road,Quebec,QC,Canada,G1T 1P8,http://chartwell.com/Retirement-Homes/Chartwell-Domaine-de-Bordeaux-résidence-pour-retraités
Canada-National-34-CAN-RetirementHomes-output-238,Chartwell Château Vincent d'Indy résidence pour retraités,Retirement Home,Peaceful Residence with a family atmosphere,438-228-9294,60 Willowdale Avenue,Outremont,QC,Canada,H3T 2A3,http://chartwell.com/Retirement-Homes/Chartwell-Château-Vincent-d'Indy-résidence-pour-retraités
Canada-National-34-CAN-RetirementHomes-output-239,Chartwell Manoir Saint-Jérôme résidence pour retraités,Retirement Home,A progressive complex in an enchanting location,450-710-0695,335 des Pins Street,Saint-Jérôme,QC,Canada,J7Z 0A2,http://chartwell.com/Retirement-Homes/Chartwell-Manoir-Saint-Jérôme-résidence-pour-retraités
Canada-National-34-CAN-RetirementHomes-output-240,Chartwell Monastère d'Aylmer résidence pour retraités ,Retirement Home,"Flexible, continuum of care residence in an enchanting, historic setting ",613-688-3383,161 Principale Street,Gatineau,QC,Canada,J9H 7H4,http://chartwell.com/Retirement-Homes/Chartwell-Monastère-d'Aylmer-résidence-pour-retraités
Canada-National-34-CAN-RetirementHomes-output-241,Chartwell Bois-de-Boulogne résidence pour retraités,Retirement Home,Distinctive living environment tailored to your needs,438-228-9296,10 005 Bois-de-Boulogne Avenue,Montreal,QC,Canada,H4N 3B2,http://chartwell.com/Retirement-Homes/Chartwell-Bois-de-Boulogne-résidence-pour-retraités
Canada-National-34-CAN-RetirementHomes-output-242,Chartwell Domaine Notre-Dame résidence pour retraités,Retirement Home,"Active retirement lifestyle, combining independent and assisted living",819-282-8451,39 Amherst Street,Gatineau,QC,Canada,J8Y 2W1,http://chartwell.com/Retirement-Homes/Chartwell-Domaine-Notre-Dame-résidence-pour-retraités
Canada-National-34-CAN-RetirementHomes-output-243,Chartwell Notre-Dame Victoriaville résidence pour retraités,Retirement Home,Friendly atmosphere and personalized services,819-809-0520,222 Notre-Dame West Road,Victoriaville,QC,Canada,G6P 1R9,http://chartwell.com/Retirement-Homes/Chartwell-Notre-Dame-Victoriaville-résidence-pour-retraités
Canada-National-34-CAN-RetirementHomes-output-244,Chartwell Oasis Saint-Jean résidence pour retraités,Retirement Home,Independent retirement living in the heart of Saint-Jean-sur-Richelieu.,514-940-3530,1050 Stéfoni Road,Saint-Jean-sur-Richelieu,QC,Canada,J3A 1T5,http://chartwell.com/Retirement-Homes/Chartwell-Oasis-Saint-Jean-résidence-pour-retraités
