row_id,ï»¿rundate,subtype,FACID,FACTYPE,ZIP,LEGALNAME,ADDRESS,LICENSE,LICENSE_EFFECTIVE,LICENSE_EXPIRATION,CITY,state,COUNTY,TELEPHONE,FAXPHONE,CAPACITY,MCAID_CERT,N_LON,N_LAT,N_MCODE,N_LCODE,N_BLOCK,SRVPROVDES,EVAL_DATE,facility_type
USA-AZ-53-AZ-AssistedLiving-output-1,9/1/2017,INTERMEDIATE CARE FACILITY FOR INTELLECTUALLY DISABLED,LTC0197,111,85128,ARIZONA TRAINING PROGRAM AT COOLIDGE - 30 OASIS COURT,2800 N HWY 87,,,,COOLIDGE,AZ,PINAL,(520)723-2600,(520)723-7618,,T,-111.596647,33.002676,,,,NOT APPLICABLE,,Assisted Living
USA-AZ-53-AZ-AssistedLiving-output-2,9/1/2017,INTERMEDIATE CARE FACILITY FOR INTELLECTUALLY DISABLED,LTC0166,111,85128,ARIZONA TRAINING PROGRAM OF COOLIDGE - 10 SANDSTONE COURT,2800 N HWY 87,,,,COOLIDGE,AZ,PINAL,(520)723-2600,(520)723-7618,,T,-111.596647,33.002676,,,,NOT APPLICABLE,,Assisted Living
USA-AZ-53-AZ-AssistedLiving-output-3,9/1/2017,INTERMEDIATE CARE FACILITY FOR INTELLECTUALLY DISABLED,LTC0196,111,85128,ARIZONA TRAINING PROGRAM OF COOLIDGE - 20 SANDSTONE COURT,2800 N HWY 87,,,,COOLIDGE,AZ,PINAL,(520)723-2600,(520)723-7618,,T,-111.596647,33.002676,,,,NOT APPLICABLE,,Assisted Living
USA-AZ-53-AZ-AssistedLiving-output-4,9/1/2017,INTERMEDIATE CARE FACILITY FOR INTELLECTUALLY DISABLED,LTC0167,111,85128,ARIZONA TRAINING PROGRAM OF COOLIDGE - 30 SANDSTONE COURT,2800 N HWY 87,,,,COOLIDGE,AZ,PINAL,(520)723-2600,(520)723-7618,,T,-111.596647,33.002676,,,,NOT APPLICABLE,,Assisted Living
USA-AZ-53-AZ-AssistedLiving-output-5,9/1/2017,INTERMEDIATE CARE FACILITY FOR INTELLECTUALLY DISABLED,LTC0169,111,85128,ARIZONA TRAINING PROGRAM OF COOLIDGE - 40 SANDSTONE COURT,2800 N HWY 87,,,,COOLIDGE,AZ,PINAL,(520)723-2600,(520)723-7618,,T,-111.596647,33.002676,,,,NOT APPLICABLE,,Assisted Living
USA-AZ-53-AZ-AssistedLiving-output-6,9/1/2017,INTERMEDIATE CARE FACILITY FOR INTELLECTUALLY DISABLED,LTC0170,111,85128,ARIZONA TRAINING PROGRAM OF COOLIDGE - 50 OASIS COURT,2800 N HWY 87,,,,COOLIDGE,AZ,PINAL,(520)723-2600,(520)723-7618,,T,-111.596647,33.002676,,,,NONE,,Assisted Living
USA-AZ-53-AZ-AssistedLiving-output-7,9/1/2017,INTERMEDIATE CARE FACILITY FOR INTELLECTUALLY DISABLED,LTC0165,111,85015,ARIZONA TRAINING PROGRAM OF PHOENIX - CAMPBELL,2327 WEST CAMPBELL,,,,PHOENIX,AZ,MARICOPA,(602)230-8494,(602)264-8561,,T,-112.108687,33.502134,,,,NOT APPLICABLE,,Assisted Living
USA-AZ-53-AZ-AssistedLiving-output-8,9/1/2017,INTERMEDIATE CARE FACILITY FOR INTELLECTUALLY DISABLED,LTC0172,111,85018,ARIZONA TRAINING PROGRAM OF PHOENIX - EARLL,3043 NORTH 37TH STREET,,,,PHOENIX,AZ,MARICOPA,(602)224-9986,(602)957-4259,,T,-112.001857,33.483243,,,,NOT APPLICABLE,,Assisted Living
USA-AZ-53-AZ-AssistedLiving-output-9,9/1/2017,INTERMEDIATE CARE FACILITY FOR INTELLECTUALLY DISABLED,LTC0173,111,85018,ARIZONA TRAINING PROGRAM OF PHOENIX - PINCHOT,3322 EAST PINCHOT,,,,PHOENIX,AZ,MARICOPA,(602)956-7782,(602)957-4250,,T,-112.009995,33.482469,,,,NOT APPLICABLE,,Assisted Living
USA-AZ-53-AZ-AssistedLiving-output-10,9/1/2017,INTERMEDIATE CARE FACILITY FOR INTELLECTUALLY DISABLED,LTC0175,111,85006,ARIZONA TRAINING PROGRAM OF PHOENIX - WINDSOR,1750 EAST WINDSOR,,,,PHOENIX,AZ,MARICOPA,(602)230-8197,(602)266-9588,,T,-112.043926,33.478494,,,,NONE,,Assisted Living
USA-AZ-53-AZ-AssistedLiving-output-11,9/1/2017,INTERMEDIATE CARE FACILITY FOR INTELLECTUALLY DISABLED,LTC0176,111,85040,HACIENDA DE LOS ANGELES,1402 EAST SOUTH MOUNTAIN AVENUE,,,,PHOENIX,AZ,MARICOPA,(602)243-4231,(602)243-1217,,T,-112.052882,33.370675,,,,NOT APPLICABLE,,Assisted Living
USA-AZ-53-AZ-AssistedLiving-output-12,9/1/2017,PIONEERS' HOME,LTC0005,26,86303,ARIZONA PIONEERS' HOME,300 SOUTH MCCORMICK STREET,D-0000,,,PRESCOTT,AZ,YAVAPAI,(928)445-2181,(928)778-1148,64,,-112.474402,34.537136,,,,NONE,,Assisted Living
USA-AZ-53-AZ-AssistedLiving-output-13,9/1/2017,SKILLED NURSING FACILITY ONLY,LTC0214,23,85050,ACACIA HEALTH CENTER,4555 EAST MAYO BLVD,NCI-2694,1/1/2017,12/31/2017,PHOENIX,AZ,MARICOPA,(480)384-5600,(480)948-1584,78,,-111.982534,33.667708,,,,A,11/30/2017,Assisted Living
USA-AZ-53-AZ-AssistedLiving-output-14,9/1/2017,SKILLED NURSING FACILITY ONLY,LTC0209,23,85306,AHC OF GLENDALE LLC,16825 NORTH 63RD AVENUE,NCI-2687,1/1/2017,12/31/2017,GLENDALE,AZ,MARICOPA,(602)732-3400,(602)732-3470,54,,-112.194846,33.637742,,,,A,10/31/2017,Assisted Living
USA-AZ-53-AZ-AssistedLiving-output-15,9/1/2017,SKILLED NURSING FACILITY ONLY,LTC0202,23,85205,AHC OF MESA LLC,5755 EAST MAIN STREET,NCI-2657,5/1/2017,4/30/2018,MESA,AZ,MARICOPA,(480)214-2400,(480)214-2450,38,,-111.706919,33.415375,,,,A,1/31/2018,Assisted Living
USA-AZ-53-AZ-AssistedLiving-output-16,9/1/2017,SKILLED NURSING FACILITY ONLY,LTC0204,23,85258,AHC OF SCOTTSDALE LLC,9846 NORTH 95TH STREET,NCI-2663,4/1/2017,3/31/2018,SCOTTSDALE,AZ,MARICOPA,(480)214-4200,(480)214-4250,38,,-111.876263,33.576098,,,,A,1/31/2017,Assisted Living
USA-AZ-53-AZ-AssistedLiving-output-17,9/1/2017,SKILLED NURSING FACILITY ONLY,LTC0216,23,85206,ASANTE OF MESA. LLC,5358 EAST BASELINE ROAD,NCI-2697,4/1/2017,3/31/2018,MESA,AZ,MARICOPA,(480)699-9624,(480)383-6777,70,,-111.715674,33.379475,,,,A,2/28/2017,Assisted Living
USA-AZ-53-AZ-AssistedLiving-output-18,9/1/2017,SKILLED NURSING FACILITY ONLY,LTC0185,23,85718,BROOKDALE SANTA CATALINA,7500 NORTH CALLE SIN ENVIDIA,NCI-1718,2/1/2017,1/31/2018,TUCSON,AZ,PIMA,(520)742-6242,(520)742-4533,42,,-110.935714,32.342678,,,,A,1/31/2017,Assisted Living
USA-AZ-53-AZ-AssistedLiving-output-19,9/1/2017,SKILLED NURSING FACILITY ONLY,LTC0221,23,85308,"CENTER AT ARROWHEAD, LLC",7201 W CAMINO SAN XAVIER AVE,NCI-2733,9/22/2016,10/31/2017,GLENDALE,AZ,MARICOPA,(623)773-6100,(719)685-8958,96,,,,,,,B,1/31/2018,Assisted Living
USA-AZ-53-AZ-AssistedLiving-output-20,9/1/2017,SKILLED NURSING FACILITY ONLY,LTC0222,23,85755,COPPER HEALTH ORO VALLEY,1119 EAST RANCHO VISTOSO BLVD,NCI-2725,3/1/2017,2/28/2018,ORO VALLEY,AZ,PIMA,(520)825-4669,(602)368-8211,36,,,,,,,A,7/31/2017,Assisted Living
USA-AZ-53-AZ-AssistedLiving-output-21,9/1/2017,SKILLED NURSING FACILITY ONLY,LTC0198,23,85268,FOUNTAIN VIEW VILLAGE,16455 EAST AVENUE OF THE FOUNTAINS,NCI-2658,5/1/2017,4/30/2018,FOUNTAIN HILLS,AZ,MARICOPA,(480)836-4800,(480)836-4876,48,,-111.726186,33.608904,,,,A,3/31/2018,Assisted Living
USA-AZ-53-AZ-AssistedLiving-output-22,9/1/2017,SKILLED NURSING FACILITY ONLY,LTC0177,23,85381,FREEDOM PLAZA CARE CENTER,13714 NORTH PLAZA DEL RIO BLVD,NCI-2630,3/9/2017,2/28/2018,PEORIA,AZ,MARICOPA,(623)815-6100,(623)815-6111,111,,-112.257809,33.609037,,,,A,2/28/2017,Assisted Living
USA-AZ-53-AZ-AssistedLiving-output-23,9/1/2017,SKILLED NURSING FACILITY ONLY,LTC0036,23,85282,FRIENDSHIP VILLAGE OF TEMPE,2525 EAST SOUTHERN AVENUE,NCI-2646,2/1/2017,1/31/2018,TEMPE,AZ,MARICOPA,(480)831-3184,(480)831-3259,128,,-111.883972,33.392861,,,,A,10/31/2017,Assisted Living
USA-AZ-53-AZ-AssistedLiving-output-24,9/1/2017,SKILLED NURSING FACILITY ONLY,LTC0211,23,86403,HAVASU REGIONAL MEDICAL CENTER,1811  MESQUITE AVE,NCI-2716,4/1/2017,3/31/2018,LAKE HAVASU CITY,AZ,MOHAVE,(928)505-5793,(928)505-5799,19,,,,,,,A,12/31/2017,Assisted Living
USA-AZ-53-AZ-AssistedLiving-output-25,9/1/2017,SKILLED NURSING FACILITY ONLY,LTC0085,23,85251,HERITAGE COURT POST ACUTE OF SCOTTSDALE,3339 NORTH DRINKWATER BOULEVARD,NCI-2730,7/1/2017,6/30/2018,SCOTTSDALE,AZ,MARICOPA,(480)949-5400,(480)949-9467,108,T,-111.921783,33.487332,,,,A,9/30/2016,Assisted Living
USA-AZ-53-AZ-AssistedLiving-output-26,9/1/2017,SKILLED NURSING FACILITY ONLY,LTC0110,23,85260,LIFE CARE CENTER OF SCOTTSDALE,9494 EAST BECKER LANE,NCI-395,12/1/2017,11/30/2018,SCOTTSDALE,AZ,MARICOPA,(480)860-6396,(480)391-9699,132,,-111.875018,33.584231,,,,A,4/30/2018,Assisted Living
USA-AZ-53-AZ-AssistedLiving-output-27,9/1/2017,SKILLED NURSING FACILITY ONLY,LTC0077,23,85254,PUEBLO NORTE SENIOR LIVING COMMUNITY,7100 EAST MESCAL STREET,NCI-343,8/1/2017,7/31/2018,SCOTTSDALE,AZ,MARICOPA,(480)948-5800,(480)951-7389,92,,-111.927161,33.586845,,,,A,6/30/2017,Assisted Living
USA-AZ-53-AZ-AssistedLiving-output-28,9/1/2017,SKILLED NURSING FACILITY ONLY,LTC0217,23,85224,SANTE OF CHANDLER,825 SOUTH 94TH STREET,NCI-2701,9/1/2017,8/31/2018,CHANDLER,AZ,MARICOPA,(480)361-6636,(480)361-8386,70,,-111.879998,33.29341,,,,A,6/30/2018,Assisted Living
USA-AZ-53-AZ-AssistedLiving-output-29,9/1/2017,SKILLED NURSING FACILITY ONLY,LTC0220,23,85255,SANTE OF NORTH SCOTTSDALE,17490 NORTH 93RD STREET,NCI-2703,2/1/2017,1/31/2018,SCOTTSDALE,AZ,MARICOPA,(480)588-5386,(480)584-5632,72,,-111.882028,33.644785,,,,A,4/30/2014,Assisted Living
USA-AZ-53-AZ-AssistedLiving-output-30,9/1/2017,SKILLED NURSING FACILITY ONLY,LTC0218,23,85374,SANTE OF SURPRISE,14775 WEST YORKSHIRE DRIVE,NCI-2700,9/1/2017,8/31/2018,SURPRISE,AZ,MARICOPA,(623)594-5050,(623)594-5074,70,,-112.381069,33.660158,,,,A,5/31/2018,Assisted Living
USA-AZ-53-AZ-AssistedLiving-output-31,9/1/2017,SKILLED NURSING FACILITY ONLY,LTC0226,23,85712,SANTE OF TUCSON,2040 NORTH WILMOT ROAD,NCI-3011,1/25/2017,12/31/2017,TUCSON,AZ,PIMA,(520)300-6115,(844)658-9555,103,,,,,,,NONE,,Assisted Living
USA-AZ-53-AZ-AssistedLiving-output-32,9/1/2017,SKILLED NURSING FACILITY ONLY,LTC0131,23,85382,SIERRA WINDS,17300 NORTH 88TH AVE,NCI-418,11/1/2017,10/31/2018,PEORIA,AZ,MARICOPA,(623)972-0212,(623)876-3076,70,,-112.248333,33.641246,,,,A,1/31/2018,Assisted Living
USA-AZ-53-AZ-AssistedLiving-output-33,9/1/2017,SKILLED NURSING FACILITY ONLY,LTC0206,23,85755,SPLENDIDO AT RANCHO VISTOSO,13500 NORTH RANCHO VISTOSO BLVD,NCI-2671,2/1/2017,1/31/2018,TUCSON,AZ,PIMA,(520)878-2600,(520)878-2705,36,,-110.974302,32.449797,,,,A,10/31/2017,Assisted Living
USA-AZ-53-AZ-AssistedLiving-output-34,9/1/2017,SKILLED NURSING FACILITY ONLY,LTC0184,23,85375,SUN HEALTH GRANDVIEW CARE CTR,14505 WEST GRANITE VALLEY DRIVE,NCI-1468,3/1/2017,2/28/2018,SUN CITY WEST,AZ,MARICOPA,(623)975-8100,(623)975-8192,72,,-112.375205,33.662711,,,,A,8/28/2017,Assisted Living
USA-AZ-53-AZ-AssistedLiving-output-35,9/1/2017,SKILLED NURSING FACILITY ONLY,LTC0200,23,85340,SUN HEALTH LA LOMA CARE CENTER,14260 SOUTH DENNY BOULEVARD,NCI-2654,3/1/2017,2/28/2018,LITCHFIELD PARK,AZ,MARICOPA,(623)537-7400,(623)537-7480,75,,-112.36463,33.510691,,,,A,3/31/2017,Assisted Living
USA-AZ-53-AZ-AssistedLiving-output-36,9/1/2017,SKILLED NURSING FACILITY ONLY,LTC223,23,85297,"THE CENTER AT VAL VISTA, LLC",3744 SOUTH ROME STREET,NCI-4211,10/1/2017,9/30/2018,GILBERT,AZ,MARICOPA,(480)224-9500,(480)224-9551,96,,,,,,,NONE,,Assisted Living
USA-AZ-53-AZ-AssistedLiving-output-37,9/1/2017,SKILLED NURSING FACILITY ONLY,LTC0128,23,85381,THE FORUM AT DESERT HARBOR,13840 NORTH DESERT HARBOR DRIVE,NCI-421,4/1/2017,3/31/2018,PEORIA,AZ,MARICOPA,(623)972-0995,(623)974-4519,57,,-112.249501,33.614433,,,,A,2/20/2018,Assisted Living
USA-AZ-53-AZ-AssistedLiving-output-38,9/1/2017,SKILLED NURSING FACILITY ONLY,LTC0133,23,85251,THE GARDENS OF SCOTTSDALE,6001 EAST THOMAS ROAD,NCI-2645,9/1/2017,8/31/2018,SCOTTSDALE,AZ,MARICOPA,(480)941-2222,(480)941-2741,48,,-111.951966,33.479967,,,,A,10/31/2017,Assisted Living
USA-AZ-53-AZ-AssistedLiving-output-39,9/1/2017,SKILLED NURSING FACILITY ONLY,LTC0228,23,85718,THE SPRINGS AT THE HACIENDA BLDG 6,2720 EAST RIVER ROAD,NCI-1980,6/2/2017,5/31/2018,TUCSON,AZ,PIMA,(520)485-1020,(520)365-3660,66,,,,,,,NONE,,Assisted Living
USA-AZ-53-AZ-AssistedLiving-output-40,9/1/2017,SKILLED NURSING FACILITY ONLY,LTC0067,23,85020,THE TERRACES OF PHOENIX,7550 NORTH 16TH STREET,NCI-232,11/1/2017,10/31/2018,PHOENIX,AZ,MARICOPA,(602)944-4455,(602)944-0285,64,,-112.04774,33.546401,,,,A,5/31/2018,Assisted Living
USA-AZ-53-AZ-AssistedLiving-output-41,9/1/2017,SKILLED NURSING FACILITY ONLY,LTC0194,23,85255,"VI AT GRAYHAWK, A VI AND PLAZA COMPANIES COMMUNITY",7501 EAST THOMPSON PEAK PARKWAY,NCI-2616,10/1/2017,9/30/2018,SCOTTSDALE,AZ,MARICOPA,(480)361-3200,(480)659-5166,36,,-111.918523,33.669078,,,,A,4/30/2018,Assisted Living
USA-AZ-53-AZ-AssistedLiving-output-42,9/1/2017,SKILLED NURSING FACILITY ONLY,LTC0215,23,85255,"VI AT SILVERSTONE, A VI AND PLAZA COMPANIES COMMUNITY",22605 NORTH 74TH STREET,NCI-2695,1/1/2017,12/31/2017,SCOTTSDALE,AZ,MARICOPA,(480)478-6200,(480)478-6297,24,,-111.920015,33.693647,,,,A,1/31/2018,Assisted Living
USA-AZ-53-AZ-AssistedLiving-output-43,9/1/2017,SKILLED NURSING FACILITY ONLY,LTC0219,23,85297,WELLSPRINGS THERAPY CENTER OF GILBERT,3319 SOUTH MERCY ROAD,NCI-2669,11/1/2016,10/31/2017,GILBERT,AZ,MARICOPA,(480)729-6500,(602)234-8149,32,,-111.747029,33.291239,,,,A,9/30/2017,Assisted Living
USA-AZ-53-AZ-AssistedLiving-output-44,9/1/2017,SKILLED NURSING FACILITY ONLY,LTC0227,23,85012,WELLSPRINGS THERAPY CENTER OF PHOENIX,3008 NORTH 3RD STREET,NCI-3012,2/13/2017,1/31/2018,PHOENIX,AZ,MARICOPA,(602)313-6000,(602)687-7660,46,,,,,,,NONE,,Assisted Living
USA-AZ-53-AZ-AssistedLiving-output-45,9/1/2017,SKILLED NURSING FACILITY ONLY,LTC0122,23,85260,WEYRICH HEALTH CARE CENTER OF WESTMINSTER VILLAGE,12000 NORTH 90TH STREET,NCI-411,5/1/2017,4/30/2018,SCOTTSDALE,AZ,MARICOPA,(480)451-2020,(480)451-2057,60,,-111.887183,33.596174,,,,A,12/31/2017,Assisted Living
USA-AZ-53-AZ-AssistedLiving-output-46,9/1/2017,SKILLED NURSING FACILITY/NURSING FACILITY DISTINCT PARTITION,LTC0208,22,85008,CAREMERIDIAN-PHOENIX,5301 EAST THOMAS ROAD,NCI-2680,6/1/2017,5/31/2018,PHOENIX,AZ,MARICOPA,(602)687-1100,(602)687-1112,31,T,-111.966421,33.479898,,,,A,1/31/2018,Assisted Living
USA-AZ-53-AZ-AssistedLiving-output-47,9/1/2017,SKILLED NURSING FACILITY/NURSING FACILITY DISTINCT PARTITION,LTC0188,22,86503,CHINLE NURSING HOME,PO BOX 910,,,,CHINLE,AZ,APACHE,(928)674-5216,(928)674-5218,,T,-109.608117,36.159271,,,,NONE,,Assisted Living
USA-AZ-53-AZ-AssistedLiving-output-48,9/1/2017,SKILLED NURSING FACILITY/NURSING FACILITY DISTINCT PARTITION,LTC0125,22,85718,HAVEN OF TUCSON,3705 NORTH SWAN ROAD,NCI-2736,11/1/2016,10/31/2017,TUCSON,AZ,PIMA,(520)299-7088,(520)529-0038,118,T,-110.892775,32.273571,,,,A,4/30/2017,Assisted Living
USA-AZ-53-AZ-AssistedLiving-output-49,9/1/2017,SKILLED NURSING FACILITY/NURSING FACILITY DISTINCT PARTITION,LTC0030,22,85032,RIDGECREST HEALTHCARE,16640 NORTH 38TH STREET,NCI-2690,12/1/2016,11/30/2017,PHOENIX,AZ,MARICOPA,(602)482-6671,(602)482-3541,200,T,-112.000631,33.638243,,,,C,2/28/2018,Assisted Living
USA-AZ-53-AZ-AssistedLiving-output-50,9/1/2017,SKILLED NURSING FACILITY/NURSING FACILITY DISTINCT PARTITION,LTC0060,22,85541,RIM COUNTRY HEALTH & RETIREMENT COMMUNITY,807 WEST LONGHORN ROAD,NCI-2668,10/1/2017,9/30/2018,PAYSON,AZ,GILA,(928)474-1120,(928)474-0505,109,T,-111.334418,34.23911,,,,A,5/31/2018,Assisted Living
USA-AZ-53-AZ-AssistedLiving-output-51,9/1/2017,SKILLED NURSING FACILITY/NURSING FACILITY DISTINCT PARTITION,LTC0083,22,85712,SANTA ROSA CARE CENTER,1650 NORTH SANTA ROSA AVENUE,NCI-2621,4/1/2017,3/31/2018,TUCSON,AZ,PIMA,(520)795-1610,(520)795-6355,144,T,-110.886057,32.242539,,,,A,8/31/2017,Assisted Living
USA-AZ-53-AZ-AssistedLiving-output-52,9/1/2017,SKILLED NURSING FACILITY/NURSING FACILITY DISTINCT PARTITION,LTC0139,22,85040,SUNCREST HEALTHCARE CENTER,2211 EAST SOUTHERN AVENUE,NCI-050,3/1/2017,2/28/2018,PHOENIX,AZ,MARICOPA,(602)305-7134,(602)305-8862,115,T,-112.03405,33.392918,,,,A,4/30/2018,Assisted Living
USA-AZ-53-AZ-AssistedLiving-output-53,9/1/2017,SKILLED NURSING FACILITY/NURSING FACILITY DISTINCT PARTITION,LTC0101,22,85710,VILLA CAMPANA REHABILITATION HOSPITAL LLC,6651 EAST CARONDELET DRIVE,NCI-2698,3/1/2017,2/28/2018,TUCSON,AZ,PIMA,(520)731-8500,(714)256-2003,120,T,-110.850747,32.225838,,,,B,2/28/2017,Assisted Living
USA-AZ-53-AZ-AssistedLiving-output-54,9/1/2017,SKILLED NURSING FACILITY/NURSING FACILITY DISTINCT PARTITION,LTC0102,22,85712,"VILLA MARIA CARE CENTER, LLC",4310 EAST GRANT ROAD,NCI-263,5/1/2017,4/30/2018,TUCSON,AZ,PIMA,(520)323-9351,(520)323-6490,83,T,-110.90092,32.250473,,,,A,9/30/2017,Assisted Living
USA-AZ-53-AZ-AssistedLiving-output-55,9/1/2017,SKILLED NURSING FACILITY/NURSING FACILITY DUAL CERTIFIED,LTC0132,21,85204,ALLEGIANT HEALTHCARE OF MESA,3130 EAST BROADWAY ROAD,NCI-2679,3/28/2017,2/28/2018,MESA,AZ,MARICOPA,(480)924-7777,(480)924-5712,204,T,-111.763837,33.408335,,,,B,2/28/2017,Assisted Living
USA-AZ-53-AZ-AssistedLiving-output-56,9/1/2017,SKILLED NURSING FACILITY/NURSING FACILITY DUAL CERTIFIED,LTC244,21,85006,ALLEGIANT HEALTHCARE OF PHOENIX,1880 EAST VAN BUREN STREET,NCI-2737,12/1/2016,11/30/2017,PHOENIX,AZ,MARICOPA,(602)253-4570,(   )   -,120,T,,,,,,A,1/31/2018,Assisted Living
USA-AZ-53-AZ-AssistedLiving-output-57,9/1/2017,SKILLED NURSING FACILITY/NURSING FACILITY DUAL CERTIFIED,LTC0002,21,85120,APACHE JUNCTION HLTH CENTER,2012 WEST SOUTHERN AVE,NCI-363,2/1/2017,1/31/2018,APACHE JUNCTION,AZ,PINAL,(480)983-0700,(480)983-7318,190,T,-111.565975,33.393498,,,,A,6/30/2017,Assisted Living
USA-AZ-53-AZ-AssistedLiving-output-58,9/1/2017,SKILLED NURSING FACILITY/NURSING FACILITY DUAL CERTIFIED,LTC203,21,85634,ARCHIE HENDRICKS SENIOR SKILLED NURSING FACILITY,HCO 1 BOX 9100,,,,SELLS,AZ,PIMA,(520)361-1800,(520)361-3656,,T,-111.892452,31.922031,,,,NONE,,Assisted Living
USA-AZ-53-AZ-AssistedLiving-output-59,9/1/2017,SKILLED NURSING FACILITY/NURSING FACILITY DUAL CERTIFIED,LTC0121,21,85224,ARCHSTONE CARE CENTER,1980 WEST PECOS ROAD,NCI-390,9/1/2017,8/31/2018,CHANDLER,AZ,MARICOPA,(480)821-1268,(480)782-1073,120,T,-111.874628,33.291586,,,,A,9/30/2017,Assisted Living
USA-AZ-53-AZ-AssistedLiving-output-60,9/1/2017,SKILLED NURSING FACILITY/NURSING FACILITY DUAL CERTIFIED,LTC0147,21,85012,ARIZONA STATE VETERAN HOME-PHX,4141 NORTH S HERRERA WAY,NCI-447,3/1/2017,2/28/2018,PHOENIX,AZ,MARICOPA,(602)248-1550,(602)263-1826,200,T,-112.069158,33.495229,,,,A,11/30/2013,Assisted Living
USA-AZ-53-AZ-AssistedLiving-output-61,9/1/2017,SKILLED NURSING FACILITY/NURSING FACILITY DUAL CERTIFIED,LTC0212,21,85713,ARIZONA STATE VETERAN HOME-TUCSON,555 EAST AJO WAY,NCI-212,12/1/2016,11/30/2017,TUCSON,AZ,PIMA,(520)638-2150,(520)638-2166,120,T,-110.961531,32.178026,,,,A,12/31/2017,Assisted Living
USA-AZ-53-AZ-AssistedLiving-output-62,9/1/2017,SKILLED NURSING FACILITY/NURSING FACILITY DUAL CERTIFIED,LTC0053,21,85714,AVALON SOUTHWEST HEALTH & REHAB,2900 EAST MILBER STREET,NCI-2643,3/1/2017,2/28/2018,TUCSON,AZ,PIMA,(520)294-0005,(520)294-0076,240,T,-110.931835,32.172455,,,,A,5/31/2016,Assisted Living
USA-AZ-53-AZ-AssistedLiving-output-63,9/1/2017,SKILLED NURSING FACILITY/NURSING FACILITY DUAL CERTIFIED,LTC0009,21,85351,BANNER BOSWELL REHABILITATION CENTER,10601 WEST SANTA FE DRIVE,NCI-2677,9/1/2017,8/31/2018,SUN CITY,AZ,MARICOPA,(623)832-7000,(623)974-7102,91,T,-112.285431,33.60361,,,,A,4/30/2017,Assisted Living
USA-AZ-53-AZ-AssistedLiving-output-64,9/1/2017,SKILLED NURSING FACILITY/NURSING FACILITY DUAL CERTIFIED,LTC0007,21,85021,BEATITUDES CAMPUS,1712 WEST GLENDALE AVENUE,NCI-256,8/1/2017,7/31/2018,PHOENIX,AZ,MARICOPA,(602)995-2611,(602)995-0704,72,T,-112.095651,33.538721,,,,A,7/31/2018,Assisted Living
USA-AZ-53-AZ-AssistedLiving-output-65,9/1/2017,SKILLED NURSING FACILITY/NURSING FACILITY DUAL CERTIFIED,LTC0019,21,85301,BELLA VITA HEALTH AND REHABILITATION CENTER,5125 NORTH 58TH AVE,NCI-345,12/1/2016,11/30/2017,GLENDALE,AZ,MARICOPA,(623)931-5800,(623)931-8776,170,T,-112.183781,33.512368,,,,A,5/31/2018,Assisted Living
USA-AZ-53-AZ-AssistedLiving-output-66,9/1/2017,SKILLED NURSING FACILITY/NURSING FACILITY DUAL CERTIFIED,LTC0143,21,85224,BROOKDALE NORTH CHANDLER,2555 NORTH PRICE ROAD,NCI-2724,2/1/2017,1/31/2018,CHANDLER,AZ,MARICOPA,(480)345-8500,(480)730-5264,66,T,-111.892785,33.342407,,,,A,5/31/2018,Assisted Living
USA-AZ-53-AZ-AssistedLiving-output-67,9/1/2017,SKILLED NURSING FACILITY/NURSING FACILITY DUAL CERTIFIED,LTC0048,21,85014,CAMELBACK POST ACUTE AND REHABILITATION,4635 NORTH 14TH STREET,NCI-159,3/1/2017,2/28/2018,PHOENIX,AZ,MARICOPA,(602)264-9039,(602)264-1017,107,T,-112.051738,33.504521,,,,A,1/31/2017,Assisted Living
USA-AZ-53-AZ-AssistedLiving-output-68,9/1/2017,SKILLED NURSING FACILITY/NURSING FACILITY DUAL CERTIFIED,LTC0025,21,85704,CASAS ADOBES POST ACUTE REHAB CENTER,1919 WEST MEDICAL STREET,NCI-2715,5/1/2017,4/30/2018,TUCSON,AZ,PIMA,(520)297-8311,(520)742-7597,230,T,-111.007366,32.321852,,,,A,2/28/2017,Assisted Living
USA-AZ-53-AZ-AssistedLiving-output-69,9/1/2017,SKILLED NURSING FACILITY/NURSING FACILITY DUAL CERTIFIED,LTC0001,21,85719,CATALINA POST ACUTE AND REHABILITATION,2611 NORTH WARREN AVENUE,NCI-2634,5/1/2017,4/30/2018,TUCSON,AZ,PIMA,(520)795-9574,(520)321-4983,102,T,-110.947045,32.254338,,,,A,8/31/2017,Assisted Living
USA-AZ-53-AZ-AssistedLiving-output-70,9/1/2017,SKILLED NURSING FACILITY/NURSING FACILITY DUAL CERTIFIED,LTC0014,21,85224,CHANDLER POST ACUTE AND REHABILITATION,2121 WEST ELGIN STREET,NCI-2734,11/1/2017,10/30/2018,CHANDLER,AZ,MARICOPA,(480)899-6717,(480)899-6364,120,T,-111.877606,33.297062,,,,A,11/30/2017,Assisted Living
USA-AZ-53-AZ-AssistedLiving-output-71,9/1/2017,SKILLED NURSING FACILITY/NURSING FACILITY DUAL CERTIFIED,LTC0016,21,85029,CHRISTIAN CARE NURSING CENTER,11812 NORTH 19TH AVE,NCI-332,1/1/2017,12/31/2017,PHOENIX,AZ,MARICOPA,(602)861-3241,(602)443-5401,68,T,-112.099798,33.594046,,,,A,8/31/2017,Assisted Living
USA-AZ-53-AZ-AssistedLiving-output-72,9/1/2017,SKILLED NURSING FACILITY/NURSING FACILITY DUAL CERTIFIED,LTC0018,21,85206,CITADEL POST ACUTE,5121 EAST BROADWAY ROAD,NCI-2732,7/1/2017,6/30/2018,MESA,AZ,MARICOPA,(480)832-5555,(480)924-0090,128,T,-111.72089,33.408234,,,,A,5/31/2018,Assisted Living
USA-AZ-53-AZ-AssistedLiving-output-73,9/1/2017,SKILLED NURSING FACILITY/NURSING FACILITY DUAL CERTIFIED,LTC0070,21,85029,CORONADO HEALTHCARE CENTER,11411 NORTH 19TH AVE,NCI-2637,8/1/2017,7/31/2018,PHOENIX,AZ,MARICOPA,(602)256-7500,(602)943-7697,191,T,-112.099505,33.589545,,,,A,5/31/2015,Assisted Living
USA-AZ-53-AZ-AssistedLiving-output-74,9/1/2017,SKILLED NURSING FACILITY/NURSING FACILITY DUAL CERTIFIED,LTC0017,21,85206,DESERT BLOSSOM HEALTH & REHAB CENTER,60 SOUTH 58TH STREET,NCI-2696,9/1/2017,8/31/2018,MESA,AZ,MARICOPA,(480)832-3903,(480)981-0963,106,T,-111.705361,33.414203,,,,A,4/30/2018,Assisted Living
USA-AZ-53-AZ-AssistedLiving-output-75,9/1/2017,SKILLED NURSING FACILITY/NURSING FACILITY DUAL CERTIFIED,LTC0023,21,85224,DESERT COVE NURSING CENTER,1750 WEST FRYE ROAD,NCI-351,10/1/2017,9/29/2018,CHANDLER,AZ,MARICOPA,(480)899-0641,(480)899-1785,120,T,-111.872137,33.298831,,,,A,12/31/2017,Assisted Living
USA-AZ-53-AZ-AssistedLiving-output-76,9/1/2017,SKILLED NURSING FACILITY/NURSING FACILITY DUAL CERTIFIED,LTC0024,21,85016,DESERT HAVEN CARE CENTER,2645 EAST THOMAS ROAD,NCI-2625,7/1/2017,6/30/2018,PHOENIX,AZ,MARICOPA,(602)956-8000,(602)224-5363,115,T,-112.024868,33.480216,,,,B,1/31/2018,Assisted Living
USA-AZ-53-AZ-AssistedLiving-output-77,9/1/2017,SKILLED NURSING FACILITY/NURSING FACILITY DUAL CERTIFIED,LTC0051,21,86401,DESERT HIGHLANDS CARE CENTER,1081 KATHLEEN AVE,NCI-306,11/1/2017,10/31/2018,KINGMAN,AZ,MOHAVE,(928)753-5580,(928)753-3880,120,T,-114.040503,35.212947,,,,C,9/30/2017,Assisted Living
USA-AZ-53-AZ-AssistedLiving-output-78,9/1/2017,SKILLED NURSING FACILITY/NURSING FACILITY DUAL CERTIFIED,LTC0028,21,85008,DESERT TERRACE HEALTHCARE CENTER,2509 NORTH 24TH STREET,NCI-237,7/1/2017,6/30/2018,PHOENIX,AZ,MARICOPA,(602)273-1347,(602)273-6260,108,T,-112.030054,33.47504,,,,A,10/31/2017,Assisted Living
USA-AZ-53-AZ-AssistedLiving-output-79,9/1/2017,SKILLED NURSING FACILITY/NURSING FACILITY DUAL CERTIFIED,LTC0031,21,85712,DEVON GABLES REHABILITATION CENTER,6150 EAST GRANT ROAD,NCI-2652,8/1/2017,7/31/2018,TUCSON,AZ,PIMA,(520)296-6181,(520)298-0997,312,T,-110.86093,32.250437,,,,B,6/30/2017,Assisted Living
USA-AZ-53-AZ-AssistedLiving-output-80,9/1/2017,SKILLED NURSING FACILITY/NURSING FACILITY DUAL CERTIFIED,LTC0104,21,85323,ESTRELLA CENTER,350 EAST LA CANADA,NCI-378,9/1/2017,8/31/2018,AVONDALE,AZ,MARICOPA,(623)932-2282,(623)925-8827,161,T,-112.346037,33.446355,,,,A,2/28/2017,Assisted Living
USA-AZ-53-AZ-AssistedLiving-output-81,9/1/2017,SKILLED NURSING FACILITY/NURSING FACILITY DUAL CERTIFIED,LTC0074,21,85712,FOOTHILLS REHABILITATION CENTER,2250 NORTH CRAYCROFT ROAD,NCI-2702,1/1/2017,12/31/2017,TUCSON,AZ,PIMA,(520)733-8700,(520)733-8980,149,T,-110.875241,32.248248,,,,A,2/28/2018,Assisted Living
USA-AZ-53-AZ-AssistedLiving-output-82,9/1/2017,SKILLED NURSING FACILITY/NURSING FACILITY DUAL CERTIFIED,LTC0189,21,85247,GILA RIVER INDIAN CARE CENTER,PO BOX 2187,,,,SACATON,AZ,PINAL,(520)562-7400,(520)562-7450,,T,-111.73898,33.078356,,,,NONE,,Assisted Living
USA-AZ-53-AZ-AssistedLiving-output-83,9/1/2017,SKILLED NURSING FACILITY/NURSING FACILITY DUAL CERTIFIED,LTC0112,21,85602,GOOD SAMARITAN SOCIETY - QUIBURI MISSION,850 SOUTH HIGHWAY 80,NCI-399,7/1/2017,6/30/2018,BENSON,AZ,COCHISE,(520)586-2372,(520)586-7003,58,T,-110.286946,31.957127,,,,A,12/1/2017,Assisted Living
USA-AZ-53-AZ-AssistedLiving-output-84,9/1/2017,SKILLED NURSING FACILITY/NURSING FACILITY DUAL CERTIFIED,LTC0042,21,85205,GOOD SAMARITAN SOCIETY-MESA GOOD SHEPHERD,5848 EAST UNIVERSITY DRIVE,NCI-339,2/1/2017,1/31/2018,MESA,AZ,MARICOPA,(480)981-0098,(480)396-3023,58,T,-111.704531,33.422958,,,,A,12/31/2017,Assisted Living
USA-AZ-53-AZ-AssistedLiving-output-85,9/1/2017,SKILLED NURSING FACILITY/NURSING FACILITY DUAL CERTIFIED,LTC0041,21,85345,GOOD SAMARITAN SOCIETY-PEORIA GOOD SHEPHERD,10323 WEST OLIVE AVENUE,NCI-313,5/1/2017,4/30/2018,PEORIA,AZ,MARICOPA,(623)875-0100,(623)875-0110,150,T,-112.282961,33.565549,,,,A,5/31/2018,Assisted Living
USA-AZ-53-AZ-AssistedLiving-output-86,9/1/2017,SKILLED NURSING FACILITY/NURSING FACILITY DUAL CERTIFIED,LTC0179,21,86314,GOOD SAMARITAN SOCIETY-PRESCOTT VALLEY,3380 NORTH WINDSONG DRIVE,NCI-1500,4/1/2017,3/31/2018,PRESCOTT VALLEY,AZ,YAVAPAI,(928)775-0045,(928)775-2752,58,T,-112.326815,34.590983,,,,A,10/31/2017,Assisted Living
USA-AZ-53-AZ-AssistedLiving-output-87,9/1/2017,SKILLED NURSING FACILITY/NURSING FACILITY DUAL CERTIFIED,LTC0075,21,86301,GOOD SAMARITAN SOCIETY-PRESCOTT VILLAGE,1030 SCOTT DRIVE,NCI-321,5/1/2017,4/30/2018,PRESCOTT,AZ,YAVAPAI,(928)778-2450,(928)778-5251,58,T,-112.475391,34.560935,,,,A,11/30/2017,Assisted Living
USA-AZ-53-AZ-AssistedLiving-output-88,9/1/2017,SKILLED NURSING FACILITY/NURSING FACILITY DUAL CERTIFIED,LTC0057,21,86301,GRANITE CREEK HEALTH & REHABILITATION CENTER,1045 SCOTT DRIVE,NCI-2728,7/1/2017,6/30/2018,PRESCOTT,AZ,YAVAPAI,(928)778-9603,(928)778-5909,128,T,-112.474451,34.561151,,,,A,12/31/2017,Assisted Living
USA-AZ-53-AZ-AssistedLiving-output-89,9/1/2017,SKILLED NURSING FACILITY/NURSING FACILITY DUAL CERTIFIED,LTC0195,21,85040,HACIENDA NURSING FACILITY,1402 EAST SOUTH MOUNTAIN AVENUE,NCI-2617,6/1/2017,5/31/2018,PHOENIX,AZ,MARICOPA,(602)243-4231,(602)243-1217,74,T,-112.052882,33.370675,,,,A,9/30/2017,Assisted Living
USA-AZ-53-AZ-AssistedLiving-output-90,9/1/2017,SKILLED NURSING FACILITY/NURSING FACILITY DUAL CERTIFIED,LTC0043,21,85712,HANDMAKER HOME FOR THE AGING,2221 NORTH ROSEMONT BOULEVARD,NCI-235,5/1/2017,4/30/2018,TUCSON,AZ,PIMA,(520)881-2323,(520)881-3466,94,T,-110.884254,32.248194,,,,B,9/30/2017,Assisted Living
USA-AZ-53-AZ-AssistedLiving-output-91,9/1/2017,SKILLED NURSING FACILITY/NURSING FACILITY DUAL CERTIFIED,LTC0055,21,86406,HAVASU NURSING CENTER,3576 KEARSAGE DRIVE,NCI-355,2/1/2017,1/31/2018,LAKE HAVASU CITY,AZ,MOHAVE,(928)453-1500,(928)453-6675,118,T,-114.264537,34.454675,,,,A,10/31/2018,Assisted Living
USA-AZ-53-AZ-AssistedLiving-output-92,9/1/2017,SKILLED NURSING FACILITY/NURSING FACILITY DUAL CERTIFIED,LTC0003,21,86322,HAVEN OF CAMP VERDE,86 WEST SALT MINE ROAD,NCI-2699,2/1/2017,1/31/2018,CAMP VERDE,AZ,YAVAPAI,(928)567-5253,(928)567-3794,60,T,-111.854911,34.554969,,,,A,11/30/2017,Assisted Living
USA-AZ-53-AZ-AssistedLiving-output-93,9/1/2017,SKILLED NURSING FACILITY/NURSING FACILITY DUAL CERTIFIED,LTC0035,21,86326,"HAVEN OF COTTONWOOD, LLC",197 SOUTH WILLARD STREET,NCI-2707,2/1/2017,1/31/2018,COTTONWOOD,AZ,YAVAPAI,(928)634-5548,(928)639-9602,70,T,-112.027187,34.737246,,,,A,12/31/2017,Assisted Living
USA-AZ-53-AZ-AssistedLiving-output-94,9/1/2017,SKILLED NURSING FACILITY/NURSING FACILITY DUAL CERTIFIED,LTC0032,21,85607,"HAVEN OF DOUGLAS, LLC",1400 NORTH SAN ANTONIO,NCI-2708,2/1/2017,1/31/2018,DOUGLAS,AZ,COCHISE,(520)364-7937,(520)805-9146,60,T,-109.532452,31.34769,,,,A,2/28/2018,Assisted Living
USA-AZ-53-AZ-AssistedLiving-output-95,9/1/2017,SKILLED NURSING FACILITY/NURSING FACILITY DUAL CERTIFIED,LTC0073,21,86001,"HAVEN OF FLAGSTAFF, LLC",800 WEST UNIVERSITY AVENUE,NCI-2662,2/1/2017,1/31/2018,FLAGSTAFF,AZ,COCONINO,(928)779-6931,(928)779-2180,83,T,-111.664476,35.184379,,,,A,9/30/2017,Assisted Living
USA-AZ-53-AZ-AssistedLiving-output-96,9/1/2017,SKILLED NURSING FACILITY/NURSING FACILITY DUAL CERTIFIED,LTC0037,21,85501,HAVEN OF GLOBE,1100 MONROE STREET,NCI-2720,11/1/2016,10/31/2017,GLOBE,AZ,GILA,(928)425-5721,(928)425-3745,104,T,-110.775759,33.394023,,,,A,5/31/2018,Assisted Living
USA-AZ-53-AZ-AssistedLiving-output-97,9/1/2017,SKILLED NURSING FACILITY/NURSING FACILITY DUAL CERTIFIED,LTC0181,21,86406,HAVEN OF LAKE HAVASU,2781 OSBORNE DRIVE,NCI-1209,6/1/2017,5/31/2018,LAKE HAVASU CITY,AZ,MOHAVE,(928)505-5552,(801)296-5111,104,T,-114.2935,34.452992,,,,A,4/30/2017,Assisted Living
USA-AZ-53-AZ-AssistedLiving-output-98,9/1/2017,SKILLED NURSING FACILITY/NURSING FACILITY DUAL CERTIFIED,LTC0213,21,85929,HAVEN OF LAKESIDE,3401 NORTH LOCKWOOD DRIVE,NCI-2723,3/1/2017,2/28/2018,LAKESIDE,AZ,NAVAJO,(928)368-2060,(928)368-2061,112,T,-110.004862,34.171369,,,,A,11/30/2017,Assisted Living
USA-AZ-53-AZ-AssistedLiving-output-99,9/1/2017,SKILLED NURSING FACILITY/NURSING FACILITY DUAL CERTIFIED,LTC0008,21,85015,HAVEN OF PHOENIX,4202 NORTH 20TH AVENUE,NCI-2618,6/1/2017,5/31/2018,PHOENIX,AZ,MARICOPA,(602)264-3824,(602)279-6234,100,T,-112.102318,33.496789,,,,A,8/31/2017,Assisted Living
USA-AZ-53-AZ-AssistedLiving-output-100,9/1/2017,SKILLED NURSING FACILITY/NURSING FACILITY DUAL CERTIFIED,LTC0080,21,85546,HAVEN OF SAFFORD,1933 PEPPERTREE DRIVE,NCI-2653,2/1/2017,1/31/2018,SAFFORD,AZ,GRAHAM,(928)428-4910,(928)567-3794,100,T,-109.732315,32.814515,,,,A,2/28/2018,Assisted Living
USA-AZ-53-AZ-AssistedLiving-output-101,9/1/2017,SKILLED NURSING FACILITY/NURSING FACILITY DUAL CERTIFIED,LTC0065,21,85251,HAVEN OF SCOTTSDALE,3293 NORTH DRINKWATER BOULEVARD,NCI-2762,4/1/2017,3/31/2018,SCOTTSDALE,AZ,MARICOPA,(480)947-7443,(480)429-9195,90,T,-111.923558,33.485607,,,,A,8/31/2017,Assisted Living
USA-AZ-53-AZ-AssistedLiving-output-102,9/1/2017,SKILLED NURSING FACILITY/NURSING FACILITY DUAL CERTIFIED,LTC0078,21,85901,HAVEN OF SHOW LOW,2401 EAST HUNT STREET,NCI-2704,2/1/2017,1/31/2018,SHOW LOW,AZ,NAVAJO,(928)537-5333,(928)537-1762,71,T,-110.014308,34.20385,,,,A,6/30/2017,Assisted Living
USA-AZ-53-AZ-AssistedLiving-output-103,9/1/2017,SKILLED NURSING FACILITY/NURSING FACILITY DUAL CERTIFIED,LTC0054,21,85364,HAVEN OF YUMA,2470 SOUTH ARIZONA AVENUE,NCI-2719,11/1/2016,10/31/2017,YUMA,AZ,YUMA,(928)344-8541,(928)344-0823,120,T,-114.616151,32.682594,,,,A,4/30/2017,Assisted Living
USA-AZ-53-AZ-AssistedLiving-output-104,9/1/2017,SKILLED NURSING FACILITY/NURSING FACILITY DUAL CERTIFIED,LTC0115,21,85501,HERITAGE HEALTH CARE CENTER,1300  SOUTH STREET,NCI-2650,3/1/2017,2/28/2018,GLOBE,AZ,GILA,(928)425-3118,(928)425-0707,96,T,-110.769082,33.394558,,,,A,8/31/2016,Assisted Living
USA-AZ-53-AZ-AssistedLiving-output-105,9/1/2017,SKILLED NURSING FACILITY/NURSING FACILITY DUAL CERTIFIED,LTC0040,21,85302,HORIZON POST ACUTE AND REHABILITATION CENTER,4704 WEST DIANA AVENUE,NCI-2714,3/1/2017,2/28/2018,GLENDALE,AZ,MARICOPA,(623)247-3949,(623)930-1104,196,T,-112.161027,33.563245,,,,A,6/30/2018,Assisted Living
USA-AZ-53-AZ-AssistedLiving-output-106,9/1/2017,SKILLED NURSING FACILITY/NURSING FACILITY DUAL CERTIFIED,LTC0011,21,85345,IMMANUEL CAMPUS OF CARE,11301 NORTH 99TH AVENUE,NCI-066,5/1/2017,4/30/2018,PEORIA,AZ,MARICOPA,(623)977-8373,(623)876-6337,228,T,-112.272382,33.585485,,,,A,7/31/2017,Assisted Living
USA-AZ-53-AZ-AssistedLiving-output-107,9/1/2017,SKILLED NURSING FACILITY/NURSING FACILITY DUAL CERTIFIED,LTC0050,21,86351,"KACHINA POINT REHABILITATION HOSPITAL, LLC",505 JACKS CANYON ROAD,NCI-2709,5/1/2017,4/30/2018,SEDONA,AZ,COCONINO,(928)284-1000,(714)256-2003,112,T,-111.754183,34.779314,,,,A,3/31/2018,Assisted Living
USA-AZ-53-AZ-AssistedLiving-output-108,9/1/2017,SKILLED NURSING FACILITY/NURSING FACILITY DUAL CERTIFIED,LTC0089,21,85635,KINDRED NURSING AND REHABILITATION-HACIENDA,660 SOUTH CORONADO DRIVE,NCI-338,2/1/2017,1/31/2018,SIERRA VISTA,AZ,COCHISE,(520)459-4900,(520)458-4082,100,T,-110.27873,31.547951,,,,A,6/30/2016,Assisted Living
USA-AZ-53-AZ-AssistedLiving-output-109,9/1/2017,SKILLED NURSING FACILITY/NURSING FACILITY DUAL CERTIFIED,LTC0124,21,85704,LA CANADA CARE CENTER,7970 NORTH LA CANADA DRIVE,NCI-2731,7/1/2017,6/30/2018,TUCSON,AZ,PIMA,(520)797-1191,(520)742-3437,128,T,-110.995452,32.351009,,,,A,6/30/2014,Assisted Living
USA-AZ-53-AZ-AssistedLiving-output-110,9/1/2017,SKILLED NURSING FACILITY/NURSING FACILITY DUAL CERTIFIED,LTC0207,21,85048,LA ESTANCIA NURSING AND REHABILITATION CENTER,15810 SOUTH 42ND STREET,NCI-2672,3/1/2017,2/28/2018,PHOENIX,AZ,MARICOPA,(480)759-0358,(480)759-7666,192,T,-111.993191,33.303297,,,,C,7/31/2017,Assisted Living
USA-AZ-53-AZ-AssistedLiving-output-111,9/1/2017,SKILLED NURSING FACILITY/NURSING FACILITY DUAL CERTIFIED,LTC0094,21,85382,LAKE PLEASANT POST ACUTE REHABILITATION CENTER,20625 NORTH LAKE PLEASANT ROAD,NCI-2727,7/1/2017,6/30/2018,PEORIA,AZ,MARICOPA,(623)566-0642,(623)476-3664,128,T,-112.279709,33.671148,,,,A,1/31/2018,Assisted Living
USA-AZ-53-AZ-AssistedLiving-output-112,9/1/2017,SKILLED NURSING FACILITY/NURSING FACILITY DUAL CERTIFIED,LTC0047,21,85304,LIFE CARE CENTER OF NORTH GLENDALE,13620 NORTH 55TH AVENUE,NCI-381,5/1/2017,4/30/2018,GLENDALE,AZ,MARICOPA,(602)843-8433,(602)588-1056,223,T,-112.177339,33.608325,,,,A,6/30/2017,Assisted Living
USA-AZ-53-AZ-AssistedLiving-output-113,9/1/2017,SKILLED NURSING FACILITY/NURSING FACILITY DUAL CERTIFIED,LTC0119,21,85032,LIFE CARE CENTER OF PARADISE VALLEY,4065 EAST BELL ROAD,NCI-400,2/1/2017,1/31/2018,PHOENIX,AZ,MARICOPA,(602)867-0212,(602)867-0321,210,T,-111.993554,33.640456,,,,A,7/31/2018,Assisted Living
USA-AZ-53-AZ-AssistedLiving-output-114,9/1/2017,SKILLED NURSING FACILITY/NURSING FACILITY DUAL CERTIFIED,LTC0058,21,85635,LIFE CARE CENTER OF SIERRA VISTA,2305 EAST WILCOX DRIVE,NCI-392,7/1/2017,6/30/2018,SIERRA VISTA,AZ,COCHISE,(520)458-1050,(520)458-6944,152,T,-110.274984,31.552216,,,,C,11/30/2017,Assisted Living
USA-AZ-53-AZ-AssistedLiving-output-115,9/1/2017,SKILLED NURSING FACILITY/NURSING FACILITY DUAL CERTIFIED,LTC0111,21,85741,LIFE CARE CENTER OF TUCSON,6211 NORTH LA CHOLLA BOULEVARD,NCI-2721,2/1/2017,1/31/2018,TUCSON,AZ,PIMA,(520)575-0900,(520)575-0483,162,T,-111.012421,32.31965,,,,A,3/31/2018,Assisted Living
USA-AZ-53-AZ-AssistedLiving-output-116,9/1/2017,SKILLED NURSING FACILITY/NURSING FACILITY DUAL CERTIFIED,LTC0059,21,85364,LIFE CARE CENTER OF YUMA,2450 SOUTH 19TH AVENUE,NCI-391,5/1/2017,4/30/2018,YUMA,AZ,YUMA,(928)344-0425,(928)344-4526,128,T,-114.643125,32.682981,,,,A,11/30/2017,Assisted Living
USA-AZ-53-AZ-AssistedLiving-output-117,9/1/2017,SKILLED NURSING FACILITY/NURSING FACILITY DUAL CERTIFIED,LTC0020,21,85363,LIFESTREAM AT COOK HEALTH CARE,11527 WEST PEORIA AVE,NCI-382,11/1/2017,10/31/2018,YOUNGTOWN,AZ,MARICOPA,(623)933-4683,(623)974-6652,102,T,-112.304098,33.579872,,,,A,12/31/2017,Assisted Living
USA-AZ-53-AZ-AssistedLiving-output-118,9/1/2017,SKILLED NURSING FACILITY/NURSING FACILITY DUAL CERTIFIED,LTC0118,21,85378,LIFESTREAM AT SUN RIDGE,12215 WEST BELL ROAD,NCI-406,11/1/2017,10/31/2018,SURPRISE,AZ,MARICOPA,(623)583-5482,(623)583-1465,58,T,-112.3233,33.638463,,,,A,12/31/2017,Assisted Living
USA-AZ-53-AZ-AssistedLiving-output-119,9/1/2017,SKILLED NURSING FACILITY/NURSING FACILITY DUAL CERTIFIED,LTC0098,21,85042,MARAVILLA  CARE CENTER,8825 SOUTH 7TH STREET,NCI-2659,7/1/2017,6/30/2018,PHOENIX,AZ,MARICOPA,(602)243-6121,(602)268-3349,194,T,-112.065817,33.365699,,,,A,7/31/2017,Assisted Living
USA-AZ-53-AZ-AssistedLiving-output-120,9/1/2017,SKILLED NURSING FACILITY/NURSING FACILITY DUAL CERTIFIED,LTC0061,21,85013,MARYLAND GARDENS CARE CENTER,31 WEST MARYLAND AVENUE,NCI-2670,12/1/2017,11/30/2018,PHOENIX,AZ,MARICOPA,(602)265-7484,(602)285-1320,60,T,-112.074671,33.530916,,,,A,5/31/2018,Assisted Living
USA-AZ-53-AZ-AssistedLiving-output-121,9/1/2017,SKILLED NURSING FACILITY/NURSING FACILITY DUAL CERTIFIED,LTC0063,21,85201,MESA CHRISTIAN HEALTH AND REHABILITATION CENTER,255 WEST BROWN ROAD,NCI-2675,5/1/2017,4/30/2018,MESA,AZ,MARICOPA,(480)833-3988,(480)962-1996,191,T,-111.838166,33.435077,,,,A,9/30/2017,Assisted Living
USA-AZ-53-AZ-AssistedLiving-output-122,9/1/2017,SKILLED NURSING FACILITY/NURSING FACILITY DUAL CERTIFIED,LTC0064,21,85206,MI CASA NURSING CENTER,330 SOUTH PINNULE CIRCLE,NCI-372,3/1/2017,2/28/2018,MESA,AZ,MARICOPA,(480)981-0687,(480)396-5011,180,T,-111.696161,33.410903,,,,A,5/31/2017,Assisted Living
USA-AZ-53-AZ-AssistedLiving-output-123,9/1/2017,SKILLED NURSING FACILITY/NURSING FACILITY DUAL CERTIFIED,LTC0056,21,85206,MISSION PALMS OF MESA HEALTH AND REHABILITATION CENTER,6461 EAST BAYWOOD AVENUE,NCI-2674,5/1/2017,4/30/2018,MESA,AZ,MARICOPA,(480)832-5160,(480)854-7046,160,T,-111.691022,33.408798,,,,A,9/30/2017,Assisted Living
USA-AZ-53-AZ-AssistedLiving-output-124,9/1/2017,SKILLED NURSING FACILITY/NURSING FACILITY DUAL CERTIFIED,LTC0033,21,85206,MONTECITO POST ACUTE CARE AND REHABILITATION,51 SOUTH 48TH STREET,NCI-2638,3/1/2017,2/28/2018,MESA,AZ,MARICOPA,(480)832-8333,(480)830-2466,222,T,-111.727578,33.413929,,,,A,7/31/2017,Assisted Living
USA-AZ-53-AZ-AssistedLiving-output-125,9/1/2017,SKILLED NURSING FACILITY/NURSING FACILITY DUAL CERTIFIED,LTC0159,21,85704,MOUNTAIN VIEW CARE CENTER,1313 WEST MAGEE ROAD,NCI-2726,7/1/2017,6/30/2018,TUCSON,AZ,PIMA,(520)797-2600,(520)575-6234,120,T,-110.993773,32.35156,,,,A,7/31/2017,Assisted Living
USA-AZ-53-AZ-AssistedLiving-output-126,9/1/2017,SKILLED NURSING FACILITY/NURSING FACILITY DUAL CERTIFIED,LTC0081,21,86305,MOUNTAIN VIEW MANOR,1045 SANDRETTO DRIVE,NCI-358,8/1/2017,7/31/2018,PRESCOTT,AZ,YAVAPAI,(928)778-4837,(928)445-8311,116,T,-112.459384,34.602625,,,,C,12/31/2016,Assisted Living
USA-AZ-53-AZ-AssistedLiving-output-127,9/1/2017,SKILLED NURSING FACILITY/NURSING FACILITY DUAL CERTIFIED,LTC0010,21,85020,NORTH MOUNTAIN MEDICAL AND REHABILITATION CENTER,9155 NORTH THIRD STREET,NCI-2647,3/1/2017,2/28/2018,PHOENIX,AZ,MARICOPA,(602)944-1666,(602)944-8549,155,T,-112.069376,33.569505,,,,A,3/31/2016,Assisted Living
USA-AZ-53-AZ-AssistedLiving-output-128,9/1/2017,SKILLED NURSING FACILITY/NURSING FACILITY DUAL CERTIFIED,LTC0066,21,85643,NORTHERN COCHISE NURSING HOME,901 WEST REX ALLEN DRIVE,NCI-301,7/1/2015,6/30/2016,WILLCOX,AZ,COCHISE,(520)384-3541,(520)384-9212,24,T,-109.837789,32.264402,,,,A,5/31/2016,Assisted Living
USA-AZ-53-AZ-AssistedLiving-output-129,9/1/2017,SKILLED NURSING FACILITY/NURSING FACILITY DUAL CERTIFIED,LTC0210,21,85122,OASIS PAVILION NURSING & REHABILITATION CENTER,161 WEST RODEO ROAD,NCI-2692,8/1/2017,7/31/2018,CASA GRANDE,AZ,PINAL,(520)836-1772,(520)421-4966,134,T,-111.755009,32.923305,,,,C,9/30/2017,Assisted Living
USA-AZ-53-AZ-AssistedLiving-output-130,9/1/2017,SKILLED NURSING FACILITY/NURSING FACILITY DUAL CERTIFIED,LTC0013,21,85251,OSBORN HEALTH AND REHABILITATION,3333 NORTH CIVIC CENTER PLAZA,NCI-2636,6/1/2017,5/31/2018,SCOTTSDALE,AZ,MARICOPA,(480)994-1333,(480)990-3895,130,T,-111.921809,33.486525,,,,A,8/31/2017,Assisted Living
USA-AZ-53-AZ-AssistedLiving-output-131,9/1/2017,SKILLED NURSING FACILITY/NURSING FACILITY DUAL CERTIFIED,LTC0192,21,85338,PALM VALLEY REHABILITATION & CARE CENTER,13575 WEST MCDOWELL ROAD,NCI-2684,12/1/2016,11/30/2017,GOODYEAR,AZ,MARICOPA,(623)536-9911,(623)536-9502,180,T,-112.351147,33.464124,,,,C,11/30/2017,Assisted Living
USA-AZ-53-AZ-AssistedLiving-output-132,9/1/2017,SKILLED NURSING FACILITY/NURSING FACILITY DUAL CERTIFIED,LTC0026,21,85364,PALM VIEW REHABILITATION & CARE,2222 SOUTH AVENUE A,NCI-253,3/1/2017,2/28/2018,YUMA,AZ,YUMA,(928)783-8831,(928)329-0149,143,T,-114.633415,32.687093,,,,A,8/31/2017,Assisted Living
USA-AZ-53-AZ-AssistedLiving-output-133,9/1/2017,SKILLED NURSING FACILITY/NURSING FACILITY DUAL CERTIFIED,LTC0068,21,85719,PARK AVENUE HEALTH AND REHABILITATION CENTER,2001 NORTH PARK AVENUE,NCI-2639,12/1/2016,11/30/2017,TUCSON,AZ,PIMA,(520)882-6151,(520)620-1546,200,T,-110.95699,32.245888,,,,A,4/30/2017,Assisted Living
USA-AZ-53-AZ-AssistedLiving-output-134,9/1/2017,SKILLED NURSING FACILITY/NURSING FACILITY DUAL CERTIFIED,LTC0069,21,85541,PAYSON CARE CENTER,107 EAST LONE PINE DRIVE,NCI-2655,10/1/2016,9/30/2017,PAYSON,AZ,GILA,(928)474-6896,(928)474-6997,163,T,-111.323305,34.231074,,,,A,4/30/2018,Assisted Living
USA-AZ-53-AZ-AssistedLiving-output-135,9/1/2017,SKILLED NURSING FACILITY/NURSING FACILITY DUAL CERTIFIED,LTC0071,21,85032,PHOENIX MOUNTAIN NURSING CENTER,13232 NORTH TATUM BLVD,NCI-2673,5/1/2017,4/30/2018,PHOENIX,AZ,MARICOPA,(602)996-5200,(602)996-6160,130,T,-111.978144,33.607117,,,,A,6/30/2017,Assisted Living
USA-AZ-53-AZ-AssistedLiving-output-136,9/1/2017,SKILLED NURSING FACILITY/NURSING FACILITY DUAL CERTIFIED,LTC0076,21,85381,PLAZA DEL RIO CARE CENTER,13215 NORTH 94TH DRIVE,NCI-2631,11/1/2016,10/31/2017,PEORIA,AZ,MARICOPA,(623)933-7722,(623)933-9796,128,T,-112.262454,33.604464,,,,A,5/31/2013,Assisted Living
USA-AZ-53-AZ-AssistedLiving-output-137,9/1/2017,SKILLED NURSING FACILITY/NURSING FACILITY DUAL CERTIFIED,LTC0084,21,85257,PLAZA HEALTHCARE,1475 NORTH GRANITE REEF ROAD,NCI-2661,11/1/2017,10/31/2018,SCOTTSDALE,AZ,MARICOPA,(480)990-1904,(480)946-6286,179,T,-111.900351,33.464236,,,,A,7/3/2017,Assisted Living
USA-AZ-53-AZ-AssistedLiving-output-138,9/1/2017,SKILLED NURSING FACILITY/NURSING FACILITY DUAL CERTIFIED,LTC0062,21,86305,PRESCOTT NURSING AND REHABILITATION CENTER,864 DOUGHERTY STREET,NCI-2651,12/1/2017,11/30/2018,PRESCOTT,AZ,YAVAPAI,(928)778-9667,(928)771-9620,64,T,-112.488682,34.55471,,,,A,1/31/2018,Assisted Living
USA-AZ-53-AZ-AssistedLiving-output-139,9/1/2017,SKILLED NURSING FACILITY/NURSING FACILITY DUAL CERTIFIED,LTC0039,21,85302,PROVIDENCE PLACE AT GLENCROFT,8641 NORTH 67TH AVE,NCI-334,11/1/2017,10/31/2018,GLENDALE,AZ,MARICOPA,(623)939-9475,(623)847-3192,225,T,-112.202779,33.561966,,,,A,6/30/2018,Assisted Living
USA-AZ-53-AZ-AssistedLiving-output-140,9/1/2017,SKILLED NURSING FACILITY/NURSING FACILITY DUAL CERTIFIED,LTC0099,21,85712,PUEBLO SPRINGS REHABILITATION CENTER,5545 EAST LEE STREET,NCI-2688,9/1/2017,8/31/2018,TUCSON,AZ,PIMA,(520)296-2306,(520)296-4072,129,T,-110.87439,32.241767,,,,D,2/28/2017,Assisted Living
USA-AZ-53-AZ-AssistedLiving-output-141,9/1/2017,SKILLED NURSING FACILITY/NURSING FACILITY DUAL CERTIFIED,LTC0006,21,85712,SABINO CANYON REHABILITATION & CARE CENTER,5830 EAST PIMA STREET,NCI-279,3/1/2017,2/28/2018,TUCSON,AZ,PIMA,(520)722-5515,(520)886-8082,112,T,-110.868021,32.243277,,,,A,5/31/2016,Assisted Living
USA-AZ-53-AZ-AssistedLiving-output-142,9/1/2017,SKILLED NURSING FACILITY/NURSING FACILITY DUAL CERTIFIED,LTC0082,21,85614,SANTA RITA NURSING & REHABILITATION CENTER,150 NORTH LA CANADA DRIVE,NCI-2649,12/1/2016,11/30/2017,GREEN VALLEY,AZ,PIMA,(520)625-0178,(520)625-7107,111,T,-110.994802,31.872608,,,,A,2/28/2018,Assisted Living
USA-AZ-53-AZ-AssistedLiving-output-143,9/1/2017,SKILLED NURSING FACILITY/NURSING FACILITY DUAL CERTIFIED,LTC0087,21,85257,SCOTTSDALE VILLAGE SQUARE,2620 NORTH 68TH STREET,NCI-068,3/1/2017,2/28/2018,SCOTTSDALE,AZ,MARICOPA,(480)946-6571,(480)946-5942,141,T,-111.934933,33.476956,,,,A,9/30/2017,Assisted Living
USA-AZ-53-AZ-AssistedLiving-output-144,9/1/2017,SKILLED NURSING FACILITY/NURSING FACILITY DUAL CERTIFIED,LTC0088,21,85260,SHEA POST ACUTE REHABILITATION CENTER,11150 NORTH 92ND STREET,NCI-2735,11/1/2017,10/31/2018,SCOTTSDALE,AZ,MARICOPA,(480)860-1766,(480)451-1539,120,T,-111.882923,33.586574,,,,A,4/30/2017,Assisted Living
USA-AZ-53-AZ-AssistedLiving-output-145,9/1/2017,SKILLED NURSING FACILITY/NURSING FACILITY DUAL CERTIFIED,LTC0163,21,85042,SOUTH MOUNTAIN POST ACUTE,8008 S.  JESSE OWENS PARKWAY,NCI-2729,7/1/2017,6/30/2018,PHOENIX,AZ,MARICOPA,(602)243-2780,(602)243-7079,124,T,-112.067058,33.374087,,,,A,3/31/2018,Assisted Living
USA-AZ-53-AZ-AssistedLiving-output-146,9/1/2017,SKILLED NURSING FACILITY/NURSING FACILITY DUAL CERTIFIED,LTC0138,21,85208,SPRINGDALE VILLAGE HEALTHCARE,7255 EAST BROADWAY ROAD,NCI-2678,3/28/2017,2/28/2018,MESA,AZ,MARICOPA,(480)981-8844,(480)981-6998,122,T,-111.674358,33.407779,,,,B,12/31/2018,Assisted Living
USA-AZ-53-AZ-AssistedLiving-output-147,9/1/2017,SKILLED NURSING FACILITY/NURSING FACILITY DUAL CERTIFIED,LTC0108,21,85373,SUN CITY HEALTH AND REHABILITATION CENTER,9940 WEST UNION HILLS DRIVE,NCI-2676,5/1/2017,4/30/2018,SUN CITY,AZ,MARICOPA,(623)933-0022,(623)933-0532,118,T,-112.279276,33.652754,,,,B,11/30/2017,Assisted Living
USA-AZ-53-AZ-AssistedLiving-output-148,9/1/2017,SKILLED NURSING FACILITY/NURSING FACILITY DUAL CERTIFIED,LTC0096,21,85375,SUN WEST CHOICE HEALTHCARE & REHAB,14002 WEST MEEKER BLVD,NCI-2648,9/1/2017,8/31/2018,SUN CITY WEST,AZ,MARICOPA,(623)584-6161,(623)546-6487,140,T,-112.362637,33.65914,,,,A,12/31/2015,Assisted Living
USA-AZ-53-AZ-AssistedLiving-output-149,9/1/2017,SKILLED NURSING FACILITY/NURSING FACILITY DUAL CERTIFIED,LTC0178,21,85363,SUNVIEW HEALTH & REHABILITATION CENTER,12207 NORTH 113TH AVENUE,NCI-2689,12/1/2016,11/30/2017,YOUNGTOWN,AZ,MARICOPA,(623)977-6532,(623)977-6541,127,T,-112.302541,33.595486,,,,A,5/31/2017,Assisted Living
USA-AZ-53-AZ-AssistedLiving-output-150,9/1/2017,SKILLED NURSING FACILITY/NURSING FACILITY DUAL CERTIFIED,LTC0190,21,86401,THE GARDENS REHAB & CARE CENTER,3131 WESTERN AVENUE,NCI-1979,5/1/2017,4/30/2018,KINGMAN,AZ,MOHAVE,(928)718-0718,(928)718-1177,128,T,-114.040233,35.214533,,,,A,12/31/2017,Assisted Living
USA-AZ-53-AZ-AssistedLiving-output-151,9/1/2017,SKILLED NURSING FACILITY/NURSING FACILITY DUAL CERTIFIED,LTC0129,21,85712,THE HEALTH CARE CENTER AT THE FORUM AT TUCSON,2500 NORTH ROSEMONT BOULEVARD,NCI-419,8/1/2017,7/31/2018,TUCSON,AZ,PIMA,(520)795-7892,(520)319-4078,67,T,-110.883837,32.251669,,,,A,10/31/2016,Assisted Living
USA-AZ-53-AZ-AssistedLiving-output-152,9/1/2017,SKILLED NURSING FACILITY/NURSING FACILITY DUAL CERTIFIED,LTC0090,21,86442,THE LEGACY REHAB & CARE CENTER,2812 SILVER CREEK ROAD,NCI-2664,9/1/2017,8/31/2018,BULLHEAD CITY,AZ,MOHAVE,(928)763-1404,(928)763-9795,120,T,-114.551619,35.109239,,,,A,11/30/2016,Assisted Living
USA-AZ-53-AZ-AssistedLiving-output-153,9/1/2017,SKILLED NURSING FACILITY/NURSING FACILITY DUAL CERTIFIED,LTC0199,21,86401,THE LINGENFELTER CENTER,1099 SUNRISE AVENUE,NCI-2635,10/1/2017,9/30/2018,KINGMAN,AZ,MOHAVE,(928)718-4852,(928)718-1729,88,T,-114.040392,35.215075,,,,A,2/28/2018,Assisted Living
USA-AZ-53-AZ-AssistedLiving-output-154,9/1/2017,SKILLED NURSING FACILITY/NURSING FACILITY DUAL CERTIFIED,LTC0193,21,86001,THE PEAKS HEALTH & REHABILITATION,3150 NORTH WINDING BROOK ROAD,NCI-2515,4/1/2017,3/31/2018,EAST FLAGSTAFF,AZ,COCONINO,(928)774-7106,(928)213-0831,58,T,-111.660556,35.233331,,,,A,8/30/2017,Assisted Living
USA-AZ-53-AZ-AssistedLiving-output-155,9/1/2017,SKILLED NURSING FACILITY/NURSING FACILITY DUAL CERTIFIED,LTC0015,21,85015,THE REHABILITATION CENTER AT THE PALAZZO,6246 NORTH 19TH AVENUE,NCI-2323,5/1/2017,4/30/2018,PHOENIX,AZ,MARICOPA,(602)433-6300,(602)433-6458,60,T,-112.099821,33.529346,,,,B,9/30/2017,Assisted Living
USA-AZ-53-AZ-AssistedLiving-output-156,9/1/2017,SKILLED NURSING FACILITY/NURSING FACILITY DUAL CERTIFIED,LTC0201,21,86442,THE RIVER GARDENS REHAB AND CARE CENTER,2150 SILVER CREEK ROAD,NCI-2660,2/1/2017,1/31/2018,BULLHEAD CITY,AZ,MOHAVE,(928)763-8700,(928)763-9795,90,T,-114.567277,35.112373,,,,A,7/31/2017,Assisted Living
USA-AZ-53-AZ-AssistedLiving-output-157,9/1/2017,SKILLED NURSING FACILITY/NURSING FACILITY DUAL CERTIFIED,LTC0105,21,85283,WESTCHESTER CARE CENTER,6100 SOUTH RURAL ROAD,NCI-327,2/1/2017,1/31/2018,TEMPE,AZ,MARICOPA,(480)831-8660,(480)838-2243,64,T,-111.928773,33.367241,,,,C,3/31/2018,Assisted Living
USA-AZ-53-AZ-AssistedLiving-output-158,9/1/2017,SKILLED NURSING FACILITY/NURSING FACILITY DUAL CERTIFIED,LTC0191,21,86047,WINSLOW CAMPUS OF CARE,826 WEST DESMOND STREET,NCI-2284,8/1/2017,7/31/2018,WINSLOW,AZ,NAVAJO,(928)289-4678,(928)289-2893,119,T,-110.703417,35.037418,,,,A,3/31/2017,Assisted Living
USA-AZ-53-AZ-AssistedLiving-output-159,9/1/2017,SKILLED NURSING FACILITY/NURSING FACILITY DUAL CERTIFIED,LTC0109,21,85364,YUMA NURSING CENTER,1850 WEST 25TH STREET,NCI-365,10/1/2017,9/30/2018,YUMA,AZ,YUMA,(928)726-6700,(928)344-1413,120,T,-114.642076,32.682179,,,,A,12/31/2015,Assisted Living
USA-AZ-53-AZ-AssistedLiving-output-160,9/1/2017,STATE ONLY FACILITY,LTC229,25,85037,RAPID RECOVERY FROM MAINSTREET HEALTH,3000 NORTH 91ST AVENUE,NCI-1719,,,PHOENIX,AZ,MARICOPA,(317)582-6961,(   )   -,,,,,,,,NONE,,Assisted Living
USA-AZ-53-AZ-AssistedLiving-output-161,9/1/2017,STATE ONLY FACILITY,LTC0231,25,85374,RAPID RECOVERY FROM MAINSTREET HEALTH,14660 W PARKWOOD DRIVE,NCI-1981,,,SURPRISE,AZ,MARICOPA,(317)689-2175,(   )   -,,,,,,,,NONE,,Assisted Living
USA-AZ-53-AZ-AssistedLiving-output-162,9/1/2017,STATE ONLY FACILITY,LTC0095,25,85351,SUN VALLEY LODGE,12415 NORTH 103RD AVE,NCI-258,1/1/2017,12/31/2017,SUN CITY,AZ,MARICOPA,(623)933-0137,(623)933-5846,58,,-112.28108,33.597003,,,,A,8/31/2017,Assisted Living
